arm,seed,mse,mae,best_epoch,n_epochs,not_converged,protocol
regulatory_histone,17,0.0153528871014714,0.0764447078108787,79,80,True,confirm_3seeds_batch8_80ep
regulatory_histone_dnase,17,0.0150825334712862,0.0756874680519104,79,80,True,confirm_3seeds_batch8_80ep
regulatory_clean,17,0.0150029305368661,0.0752604678273201,77,80,True,confirm_3seeds_batch8_80ep
regulatory_histone,42,0.0153267895802855,0.0763211548328399,77,80,True,confirm_3seeds_batch8_80ep
regulatory_histone_dnase,42,0.0150787569582462,0.075281836092472,77,80,True,confirm_3seeds_batch8_80ep
regulatory_clean,42,0.0149974348023533,0.0752785056829452,77,80,True,confirm_3seeds_batch8_80ep
regulatory_histone,97,0.0153589155524969,0.0766103789210319,79,80,True,confirm_3seeds_batch8_80ep
regulatory_histone_dnase,97,0.0150721948593854,0.075466401875019,77,80,True,confirm_3seeds_batch8_80ep
regulatory_clean,97,0.0150027181953191,0.0752699077129364,77,80,True,confirm_3seeds_batch8_80ep
