comparator,mask_fraction,seed,relative_pct,ci_lo_pct,ci_hi_pct,mean_over_seeds_pct
cpgpt_large_locus,0.15,17,13.156920498295218,11.933598770108581,14.360583159641449,
cpgpt_large_locus,0.15,42,13.10873851103778,11.941661152657609,14.28720860527704,
cpgpt_large_locus,0.15,97,13.07336205751789,11.8187255157974,14.32481839692522,
cpgpt_large_locus,0.15,-1,13.113007022283629,,,13.113007022283629
cpgpt_large_locus,0.3,17,12.584433761526908,11.69321006258337,13.495054103860449,
cpgpt_large_locus,0.3,42,12.648295250354641,11.7544253998035,13.52617189788003,
cpgpt_large_locus,0.3,97,12.764530109493169,11.874032480041121,13.62948832375315,
cpgpt_large_locus,0.3,-1,12.665753040458242,,,12.665753040458242
cpgpt_large_locus,0.5,17,12.68093666403019,11.82960252195436,13.48628596680784,
cpgpt_large_locus,0.5,42,12.91312638313387,12.08585238974453,13.757421077460611,
cpgpt_large_locus,0.5,97,12.7238113279729,11.82633448628588,13.590622063468041,
cpgpt_large_locus,0.5,-1,12.77262479171232,,,12.77262479171232
cpgpt_large_locus,0.7,17,12.67155102445664,11.95024980467108,13.41899364102613,
cpgpt_large_locus,0.7,42,12.68164981653031,11.917543474133769,13.43792698490131,
cpgpt_large_locus,0.7,97,12.59320830927505,11.84810800378626,13.37227882788628,
cpgpt_large_locus,0.7,-1,12.648803050087329,,,12.648803050087329
cpgpt_large_locus,0.9,17,11.139335633151,10.373784309862149,11.87071000643606,
cpgpt_large_locus,0.9,42,11.298821235545981,10.54481037422792,12.0251935575308,
cpgpt_large_locus,0.9,97,11.06457624681275,10.32672870037797,11.782520410232209,
cpgpt_large_locus,0.9,-1,11.16757770516991,,,11.16757770516991
deepcpg_dna_locus,0.15,17,33.44027800619381,31.44601318548723,35.48678819327027,
deepcpg_dna_locus,0.15,42,33.45312803218381,31.47735509457813,35.53413867409101,
deepcpg_dna_locus,0.15,97,33.674430452112006,31.62658358210253,35.72387120657725,
deepcpg_dna_locus,0.15,-1,33.522612163496554,,,33.522612163496554
deepcpg_dna_locus,0.3,17,32.81398620586453,31.11574155802968,34.57512455771535,
deepcpg_dna_locus,0.3,42,32.79412903457191,31.05648107005163,34.580709330772294,
deepcpg_dna_locus,0.3,97,32.788142327152094,31.072156141829538,34.54317741775386,
deepcpg_dna_locus,0.3,-1,32.79875252252951,,,32.79875252252951
deepcpg_dna_locus,0.5,17,32.70490492657688,31.07358976696836,34.32669839462219,
deepcpg_dna_locus,0.5,42,32.780941188969884,31.146190064713792,34.40239189348882,
deepcpg_dna_locus,0.5,97,32.73439846500521,31.11033144132096,34.41244465880194,
deepcpg_dna_locus,0.5,-1,32.74008152685066,,,32.74008152685066
deepcpg_dna_locus,0.7,17,32.036357773326344,30.48078505695796,33.52605024639337,
deepcpg_dna_locus,0.7,42,31.97778739570609,30.46455762941601,33.44594954054128,
deepcpg_dna_locus,0.7,97,32.019357951408765,30.459640431508326,33.5569270682955,
deepcpg_dna_locus,0.7,-1,32.01116770681373,,,32.01116770681373
deepcpg_dna_locus,0.9,17,28.98235882014566,27.37323668267207,30.579726503331372,
deepcpg_dna_locus,0.9,42,28.755490388804812,27.13135605734058,30.24958012057563,
deepcpg_dna_locus,0.9,97,28.756974092588827,27.154306165668952,30.35283367754589,
deepcpg_dna_locus,0.9,-1,28.83160776717976,,,28.83160776717976
