arm,seed,mask_fraction,mse
regulatory_histone_dnase,17,0.15,0.0145648382604122
regulatory_histone_dnase,17,0.3,0.0147864166647195
regulatory_histone_dnase,17,0.5,0.01478614192456
regulatory_histone_dnase,17,0.7,0.0148599036037921
regulatory_histone_dnase,17,0.9,0.0154750803485512
regulatory_histone_dnase,42,0.15,0.0145685905590653
regulatory_histone_dnase,42,0.3,0.0147878620773553
regulatory_histone_dnase,42,0.5,0.0147738261148333
regulatory_histone_dnase,42,0.7,0.0148643013089895
regulatory_histone_dnase,42,0.9,0.0154751520603895
regulatory_histone_dnase,97,0.15,0.0145637327805161
regulatory_histone_dnase,97,0.3,0.0147914020344614
regulatory_histone_dnase,97,0.5,0.0147917857393622
regulatory_histone_dnase,97,0.7,0.0148591250181198
regulatory_histone_dnase,97,0.9,0.0154772512614727
cpgpt_large_locus,17,0.15,0.0164811201393604
cpgpt_large_locus,17,0.3,0.0166472010314464
cpgpt_large_locus,17,0.5,0.016661163419485
cpgpt_large_locus,17,0.7,0.0167428851127624
cpgpt_large_locus,17,0.9,0.0171989016234874
cpgpt_large_locus,42,0.15,0.0164783503860235
cpgpt_large_locus,42,0.3,0.0166582744568586
cpgpt_large_locus,42,0.5,0.0166815873235464
cpgpt_large_locus,42,0.7,0.0167493391782045
cpgpt_large_locus,42,0.9,0.0172236617654562
cpgpt_large_locus,97,0.15,0.0164677016437053
cpgpt_large_locus,97,0.3,0.0166794545948505
cpgpt_large_locus,97,0.5,0.0166738666594028
cpgpt_large_locus,97,0.7,0.0167303662747144
cpgpt_large_locus,97,0.9,0.0171897429972887
deepcpg_dna_locus,17,0.15,0.0194353573024272
deepcpg_dna_locus,17,0.3,0.019638430327177
deepcpg_dna_locus,17,0.5,0.0196219366043806
deepcpg_dna_locus,17,0.7,0.0196204781532287
deepcpg_dna_locus,17,0.9,0.0199601221829652
deepcpg_dna_locus,42,0.15,0.0194422416388988
deepcpg_dna_locus,42,0.3,0.0196374133229255
deepcpg_dna_locus,42,0.5,0.0196168236434459
deepcpg_dna_locus,42,0.7,0.0196175761520862
deepcpg_dna_locus,42,0.9,0.01992510817945
deepcpg_dna_locus,97,0.15,0.0194679871201515
deepcpg_dna_locus,97,0.3,0.0196412298828363
deepcpg_dna_locus,97,0.5,0.0196337904781103
deepcpg_dna_locus,97,0.7,0.0196169223636388
deepcpg_dna_locus,97,0.9,0.01992804184556
