arm,seed,epoch,validation_mse
regulatory_histone_dnase,17,0,0.0014354019658640027
regulatory_histone_dnase,17,1,0.0013911027926951647
regulatory_histone_dnase,17,2,0.0014097370440140367
regulatory_histone_dnase,17,3,0.0013811694225296378
regulatory_histone_dnase,17,4,0.0013803133042529225
regulatory_histone_dnase,17,5,0.001380466390401125
regulatory_histone_dnase,17,6,0.001376716187223792
regulatory_histone_dnase,17,7,0.001372970873489976
regulatory_histone_dnase,17,8,0.001378517714329064
regulatory_histone_dnase,17,9,0.0013694717781618237
regulatory_histone_dnase,17,10,0.001372948638163507
regulatory_histone_dnase,17,11,0.0013663426507264376
regulatory_histone_dnase,17,12,0.0013661072589457035
regulatory_histone_dnase,17,13,0.001361193717457354
regulatory_histone_dnase,17,14,0.0013641566038131714
regulatory_histone_dnase,17,15,0.001353336265310645
regulatory_histone_dnase,17,16,0.0013519208878278732
regulatory_histone_dnase,17,17,0.0013703791191801429
regulatory_histone_dnase,17,18,0.0013512339210137725
regulatory_histone_dnase,17,19,0.0013558295322582126
regulatory_histone_dnase,17,20,0.0013449930120259523
regulatory_histone_dnase,17,21,0.0013340110890567303
regulatory_histone_dnase,17,22,0.0012978044105693698
regulatory_histone_dnase,17,23,0.0012969528324902058
regulatory_histone_dnase,17,24,0.001300240634009242
regulatory_histone_dnase,17,25,0.001295846770517528
regulatory_histone_dnase,17,26,0.0012846110621467233
regulatory_histone_dnase,17,27,0.001283891499042511
regulatory_histone_dnase,17,28,0.0012852097861468792
regulatory_histone_dnase,17,29,0.0012903051683679223
regulatory_histone_dnase,17,30,0.0012814415385946631
regulatory_histone_dnase,17,31,0.0012839982518926263
regulatory_histone_dnase,17,32,0.0012814142974093556
regulatory_histone_dnase,17,33,0.0012990807881578803
regulatory_histone_dnase,17,34,0.0012803779682144523
regulatory_histone_dnase,17,35,0.0012799713294953108
regulatory_histone_dnase,17,36,0.0012783771380782127
regulatory_histone_dnase,17,37,0.0012837538961321115
regulatory_histone_dnase,17,38,0.0012739355443045497
regulatory_histone_dnase,17,39,0.001274725655093789
regulatory_histone_dnase,17,40,0.001277962583117187
regulatory_histone_dnase,17,41,0.0012719256337732077
regulatory_histone_dnase,17,42,0.0012822903227061033
regulatory_histone_dnase,17,43,0.0012765461578965187
regulatory_histone_dnase,17,44,0.0012736169155687094
regulatory_histone_dnase,17,45,0.0012735147029161453
regulatory_histone_dnase,17,46,0.001272138673812151
regulatory_histone_dnase,17,47,0.0012699897633865476
regulatory_histone_dnase,17,48,0.0012697700876742601
regulatory_histone_dnase,17,49,0.001277763512916863
regulatory_histone_dnase,17,50,0.0012698532082140446
regulatory_histone_dnase,17,51,0.0012701792875304818
regulatory_histone_dnase,17,52,0.0012675211764872074
regulatory_histone_dnase,17,53,0.0012631798163056374
regulatory_histone_dnase,17,54,0.0012633107835426927
regulatory_histone_dnase,17,55,0.0012662728549912572
regulatory_histone_dnase,17,56,0.0012784535065293312
regulatory_histone_dnase,17,57,0.0012746087741106749
regulatory_histone_dnase,17,58,0.0012684899847954512
regulatory_histone_dnase,17,59,0.001274573733098805
regulatory_histone_dnase,17,60,0.0012671694857999682
regulatory_histone_dnase,17,61,0.0012687543639913201
regulatory_histone_dnase,17,62,0.0012629108969122171
regulatory_histone_dnase,17,63,0.0012666165130212903
regulatory_histone_dnase,17,64,0.001272012130357325
regulatory_histone_dnase,17,65,0.0012621922651305795
regulatory_histone_dnase,17,66,0.0012624076334759593
regulatory_histone_dnase,17,67,0.0012627143878489733
regulatory_histone_dnase,17,68,0.001263958285562694
regulatory_histone_dnase,17,69,0.001260214950889349
regulatory_histone_dnase,17,70,0.001260134158656001
regulatory_histone_dnase,17,71,0.0012611554702743888
regulatory_histone_dnase,17,72,0.0012622768990695477
regulatory_histone_dnase,17,73,0.0012659089406952262
regulatory_histone_dnase,17,74,0.0012582624331116676
regulatory_histone_dnase,17,75,0.0012625573435798287
regulatory_histone_dnase,17,76,0.0012596944579854608
regulatory_histone_dnase,17,77,0.0012591760605573654
regulatory_histone_dnase,17,78,0.001260367571376264
regulatory_histone_dnase,17,79,0.001261489000171423
regulatory_histone_dnase,17,80,0.0012604939984157681
regulatory_histone_dnase,17,81,0.0012571618426591158
regulatory_histone_dnase,17,82,0.0012567795347422361
regulatory_histone_dnase,17,83,0.001257887459360063
regulatory_histone_dnase,17,84,0.0012627000687643886
regulatory_histone_dnase,17,85,0.0012595424195751548
regulatory_histone_dnase,17,86,0.0012571876868605614
regulatory_histone_dnase,17,87,0.0012604260118678212
regulatory_histone_dnase,17,88,0.0012567465892061591
regulatory_histone_dnase,17,89,0.001253939582966268
regulatory_histone_dnase,17,90,0.001253608614206314
regulatory_histone_dnase,17,91,0.001255485345609486
regulatory_histone_dnase,17,92,0.0012579697649925947
regulatory_histone_dnase,17,93,0.0012544420314952731
regulatory_histone_dnase,17,94,0.0012641660869121552
regulatory_histone_dnase,17,95,0.0012614090228453279
regulatory_histone_dnase,17,96,0.0012597874738276005
regulatory_histone_dnase,17,97,0.001255515730008483
regulatory_histone_dnase,17,98,0.0012581439223140478
regulatory_histone_dnase,17,99,0.0012555208522826433
regulatory_histone_dnase,17,100,0.0012553759152069688
regulatory_histone_dnase,17,101,0.0012541692703962326
regulatory_histone_dnase,17,102,0.001257420750334859
regulatory_histone_dnase,17,103,0.0012556113069877028
regulatory_histone_dnase,17,104,0.001258011325262487
regulatory_histone_dnase,17,105,0.001251867739483714
regulatory_histone_dnase,17,106,0.0012547458754852414
regulatory_histone_dnase,17,107,0.0012543830089271069
regulatory_histone_dnase,17,108,0.0012546904617920518
regulatory_histone_dnase,17,109,0.0012581122573465109
regulatory_histone_dnase,17,110,0.0012530888197943568
regulatory_histone_dnase,17,111,0.0012566695222631097
regulatory_histone_dnase,17,112,0.0012503961334004998
regulatory_histone_dnase,17,113,0.001251298119314015
regulatory_histone_dnase,17,114,0.0012510338565334678
regulatory_histone_dnase,17,115,0.0012541862670332193
regulatory_histone_dnase,17,116,0.0012462895829230547
regulatory_histone_dnase,17,117,0.0012517253635451198
regulatory_histone_dnase,17,118,0.0012520181480795145
regulatory_histone_dnase,17,119,0.0012566078221425414
functional_annotations_pca,17,0,0.0014352397993206978
functional_annotations_pca,17,1,0.0013925108360126615
functional_annotations_pca,17,2,0.0013943100348114967
functional_annotations_pca,17,3,0.0013826692011207342
functional_annotations_pca,17,4,0.0013811902608722448
functional_annotations_pca,17,5,0.001381414127536118
functional_annotations_pca,17,6,0.001377124572172761
functional_annotations_pca,17,7,0.0013730395585298538
functional_annotations_pca,17,8,0.001376441097818315
functional_annotations_pca,17,9,0.0013683551223948598
functional_annotations_pca,17,10,0.0013728304766118526
functional_annotations_pca,17,11,0.0013641779078170657
functional_annotations_pca,17,12,0.0013648136518895626
functional_annotations_pca,17,13,0.0013600251404568553
functional_annotations_pca,17,14,0.0013580108061432838
functional_annotations_pca,17,15,0.001350594568066299
functional_annotations_pca,17,16,0.001346316421404481
functional_annotations_pca,17,17,0.0013643058482557535
functional_annotations_pca,17,18,0.001347381272353232
functional_annotations_pca,17,19,0.001335482462309301
functional_annotations_pca,17,20,0.001298465533182025
functional_annotations_pca,17,21,0.0013000795152038336
functional_annotations_pca,17,22,0.0012831678614020348
functional_annotations_pca,17,23,0.0012828669277951121
functional_annotations_pca,17,24,0.0012858688132837415
functional_annotations_pca,17,25,0.0012849243357777596
functional_annotations_pca,17,26,0.001277399598620832
functional_annotations_pca,17,27,0.001276500872336328
functional_annotations_pca,17,28,0.0012819893890991807
functional_annotations_pca,17,29,0.0012824962614104152
functional_annotations_pca,17,30,0.0012747672153636813
functional_annotations_pca,17,31,0.001284102676436305
functional_annotations_pca,17,32,0.0012771710753440857
functional_annotations_pca,17,33,0.0012843140866607428
functional_annotations_pca,17,34,0.0012750051682814956
functional_annotations_pca,17,35,0.0012727172579616308
functional_annotations_pca,17,36,0.0012728845467790961
functional_annotations_pca,17,37,0.0012779086828231812
functional_annotations_pca,17,38,0.001270301640033722
functional_annotations_pca,17,39,0.0012670130236074328
functional_annotations_pca,17,40,0.0012695285258814692
functional_annotations_pca,17,41,0.0012627283576875925
functional_annotations_pca,17,42,0.0012679662322625518
functional_annotations_pca,17,43,0.001268496154807508
functional_annotations_pca,17,44,0.001266077975742519
functional_annotations_pca,17,45,0.0012630855198949575
functional_annotations_pca,17,46,0.001263229874894023
functional_annotations_pca,17,47,0.001262633129954338
functional_annotations_pca,17,48,0.0012663430534303188
functional_annotations_pca,17,49,0.0012664946261793375
functional_annotations_pca,17,50,0.001266961800865829
functional_annotations_pca,17,51,0.0012599669862538576
functional_annotations_pca,17,52,0.0012629186967387795
functional_annotations_pca,17,53,0.0012581056216731668
functional_annotations_pca,17,54,0.0012566120130941272
functional_annotations_pca,17,55,0.0012586744269356132
functional_annotations_pca,17,56,0.00127077242359519
functional_annotations_pca,17,57,0.0012762154219672084
functional_annotations_pca,17,58,0.0012607509270310402
functional_annotations_pca,17,59,0.0012634348822757602
functional_annotations_pca,17,60,0.0012587885139510036
functional_annotations_pca,17,61,0.0012661798391491175
functional_annotations_pca,17,62,0.0012568773236125708
functional_annotations_pca,17,63,0.0012609550030902028
functional_annotations_pca,17,64,0.001263426966033876
functional_annotations_pca,17,65,0.0012559808092191815
functional_annotations_pca,17,66,0.0012536810245364904
functional_annotations_pca,17,67,0.0012548260856419802
functional_annotations_pca,17,68,0.0012562029296532273
functional_annotations_pca,17,69,0.0012546525103971362
functional_annotations_pca,17,70,0.001254858449101448
functional_annotations_pca,17,71,0.00125460687559098
functional_annotations_pca,17,72,0.001255712122656405
functional_annotations_pca,17,73,0.0012596823507919908
functional_annotations_pca,17,74,0.001251404406502843
functional_annotations_pca,17,75,0.0012558955932036042
functional_annotations_pca,17,76,0.0012524186167865992
functional_annotations_pca,17,77,0.0012518782168626785
functional_annotations_pca,17,78,0.0012560896575450897
functional_annotations_pca,17,79,0.0012548993108794093
functional_annotations_pca,17,80,0.0012537947623059154
functional_annotations_pca,17,81,0.001251285313628614
functional_annotations_pca,17,82,0.0012507359497249126
functional_annotations_pca,17,83,0.0012533378321677446
functional_annotations_pca,17,84,0.0012580761685967445
functional_annotations_pca,17,85,0.0012543565826490521
functional_annotations_pca,17,86,0.001251782407052815
functional_annotations_pca,17,87,0.0012523625046014786
functional_annotations_pca,17,88,0.0012510769302025437
functional_annotations_pca,17,89,0.00124881393276155
functional_annotations_pca,17,90,0.0012480432633310556
functional_annotations_pca,17,91,0.001249565277248621
functional_annotations_pca,17,92,0.001252782647497952
functional_annotations_pca,17,93,0.0012489398941397667
functional_annotations_pca,17,94,0.0012553650885820389
functional_annotations_pca,17,95,0.0012547906953841448
functional_annotations_pca,17,96,0.0012541620526462793
functional_annotations_pca,17,97,0.0012509252410382032
functional_annotations_pca,17,98,0.0012531345710158348
functional_annotations_pca,17,99,0.0012498068390414119
functional_annotations_pca,17,100,0.0012512004468590021
functional_annotations_pca,17,101,0.0012470926158130169
functional_annotations_pca,17,102,0.0012510461965575814
functional_annotations_pca,17,103,0.0012480138102546334
functional_annotations_pca,17,104,0.0012502920581027865
functional_annotations_pca,17,105,0.0012456441763788462
functional_annotations_pca,17,106,0.0012468817876651883
functional_annotations_pca,17,107,0.0012476512929424644
functional_annotations_pca,17,108,0.0012457091361284256
functional_annotations_pca,17,109,0.0012518824078142643
functional_annotations_pca,17,110,0.0012466392945498228
functional_annotations_pca,17,111,0.0012514530681073666
functional_annotations_pca,17,112,0.0012449256610125303
functional_annotations_pca,17,113,0.0012465222971513867
functional_annotations_pca,17,114,0.001245716935954988
functional_annotations_pca,17,115,0.0012511928798630834
functional_annotations_pca,17,116,0.0012429638300091028
functional_annotations_pca,17,117,0.0012445024913176894
functional_annotations_pca,17,118,0.0012443062150850892
functional_annotations_pca,17,119,0.001248190295882523
cpgpt_large_locus,17,0,0.0014347926480695605
cpgpt_large_locus,17,1,0.001389648299664259
cpgpt_large_locus,17,2,0.0013826540671288967
cpgpt_large_locus,17,3,0.001380719942972064
cpgpt_large_locus,17,4,0.001380434143356979
cpgpt_large_locus,17,5,0.0013820488238707185
cpgpt_large_locus,17,6,0.0013867145171388984
cpgpt_large_locus,17,7,0.0013778702123090625
cpgpt_large_locus,17,8,0.0013883754145354033
cpgpt_large_locus,17,9,0.0013786565978080034
cpgpt_large_locus,17,10,0.0013799797743558884
cpgpt_large_locus,17,11,0.0013766377232968807
cpgpt_large_locus,17,12,0.0013821190223097801
cpgpt_large_locus,17,13,0.001375590800307691
cpgpt_large_locus,17,14,0.001375115942209959
cpgpt_large_locus,17,15,0.0013553082244470716
cpgpt_large_locus,17,16,0.0013552620075643063
cpgpt_large_locus,17,17,0.0013469402911141515
cpgpt_large_locus,17,18,0.0013283871812745929
cpgpt_large_locus,17,19,0.0013330670772120357
cpgpt_large_locus,17,20,0.0013220972614362836
cpgpt_large_locus,17,21,0.0013297046534717083
cpgpt_large_locus,17,22,0.0013163202675059438
cpgpt_large_locus,17,23,0.0013205092400312424
cpgpt_large_locus,17,24,0.0013205907307565212
cpgpt_large_locus,17,25,0.001318064983934164
cpgpt_large_locus,17,26,0.0013129467843100429
cpgpt_large_locus,17,27,0.0013110825093463063
cpgpt_large_locus,17,28,0.0013139077927917242
cpgpt_large_locus,17,29,0.0013162348186597228
cpgpt_large_locus,17,30,0.0013128828722983599
cpgpt_large_locus,17,31,0.0013134984765201807
cpgpt_large_locus,17,32,0.0013120162766426802
cpgpt_large_locus,17,33,0.0013113265158608556
cpgpt_large_locus,17,34,0.001314349938184023
cpgpt_large_locus,17,35,0.0013078277697786689
cpgpt_large_locus,17,36,0.001313056331127882
cpgpt_large_locus,17,37,0.0013155031483620405
cpgpt_large_locus,17,38,0.001308817183598876
cpgpt_large_locus,17,39,0.0013104482786729932
cpgpt_large_locus,17,40,0.001307005062699318
cpgpt_large_locus,17,41,0.0013061845675110817
cpgpt_large_locus,17,42,0.0013117616763338447
cpgpt_large_locus,17,43,0.001309773651883006
cpgpt_large_locus,17,44,0.0013051384594291449
cpgpt_large_locus,17,45,0.001311102183535695
cpgpt_large_locus,17,46,0.001310022547841072
cpgpt_large_locus,17,47,0.001307188649661839
cpgpt_large_locus,17,48,0.0013170079328119755
cpgpt_large_locus,17,49,0.0013157682260498405
cpgpt_large_locus,17,50,0.0013057375326752663
cpgpt_large_locus,17,51,0.0013055658200755715
cpgpt_large_locus,17,52,0.0013098689960315824
cpgpt_large_locus,17,53,0.0013025982771068811
cpgpt_large_locus,17,54,0.0013047422980889678
cpgpt_large_locus,17,55,0.0013058402109891176
cpgpt_large_locus,17,56,0.001317900139838457
cpgpt_large_locus,17,57,0.0013062874786555767
cpgpt_large_locus,17,58,0.0013032114366069436
cpgpt_large_locus,17,59,0.0013012300478294492
cpgpt_large_locus,17,60,0.0012984821805730462
cpgpt_large_locus,17,61,0.0013011691626161337
cpgpt_large_locus,17,62,0.001310821739025414
cpgpt_large_locus,17,63,0.0013045088853687048
cpgpt_large_locus,17,64,0.0013033640570938587
cpgpt_large_locus,17,65,0.0013051427667960525
cpgpt_large_locus,17,66,0.0012993976706638932
cpgpt_large_locus,17,67,0.0013053823495283723
cpgpt_large_locus,17,68,0.0013022742932662368
cpgpt_large_locus,17,69,0.0013009598478674889
cpgpt_large_locus,17,70,0.0012983850901946425
cpgpt_large_locus,17,71,0.001296931761316955
cpgpt_large_locus,17,72,0.0012991578551009297
cpgpt_large_locus,17,73,0.001298924209550023
cpgpt_large_locus,17,74,0.0013030444970354438
cpgpt_large_locus,17,75,0.001304237055592239
cpgpt_large_locus,17,76,0.0012949557276442647
cpgpt_large_locus,17,77,0.0013042599894106388
cpgpt_large_locus,17,78,0.0013140420196577907
cpgpt_large_locus,17,79,0.0012979148887097836
cpgpt_large_locus,17,80,0.0013038055039942265
cpgpt_large_locus,17,81,0.0012959468876942992
cpgpt_large_locus,17,82,0.0012939258012920618
cpgpt_large_locus,17,83,0.0012937993742525578
cpgpt_large_locus,17,84,0.0012973602861166
cpgpt_large_locus,17,85,0.0012947943760082126
cpgpt_large_locus,17,86,0.0012950673699378967
cpgpt_large_locus,17,87,0.0012970063835382462
cpgpt_large_locus,17,88,0.0012938021682202816
cpgpt_large_locus,17,89,0.0012933139223605394
cpgpt_large_locus,17,90,0.0012910343939438462
cpgpt_large_locus,17,91,0.0012938441941514611
cpgpt_large_locus,17,92,0.0012932347599416971
cpgpt_large_locus,17,93,0.0012908248463645577
cpgpt_large_locus,17,94,0.0012943283654749393
cpgpt_large_locus,17,95,0.0012941636377945542
cpgpt_large_locus,17,96,0.0012911618687212467
cpgpt_large_locus,17,97,0.0012894340325146914
cpgpt_large_locus,17,98,0.0012906919000670314
cpgpt_large_locus,17,99,0.0012904967879876494
cpgpt_large_locus,17,100,0.0012892895611003041
cpgpt_large_locus,17,101,0.0012983069755136967
cpgpt_large_locus,17,102,0.0012969970703125
cpgpt_large_locus,17,103,0.0012869269121438265
cpgpt_large_locus,17,104,0.0012889737263321877
cpgpt_large_locus,17,105,0.001286742859520018
cpgpt_large_locus,17,106,0.0012868548510596156
cpgpt_large_locus,17,107,0.0012866721954196692
cpgpt_large_locus,17,108,0.0012832432985305786
cpgpt_large_locus,17,109,0.0012915568659082055
cpgpt_large_locus,17,110,0.001285483711399138
cpgpt_large_locus,17,111,0.0012808579485863447
cpgpt_large_locus,17,112,0.0012909402139484882
cpgpt_large_locus,17,113,0.0012846096651628613
cpgpt_large_locus,17,114,0.0012841159477829933
cpgpt_large_locus,17,115,0.0012867356417700648
cpgpt_large_locus,17,116,0.001278168405406177
cpgpt_large_locus,17,117,0.0012804983416572213
cpgpt_large_locus,17,118,0.001278107170946896
cpgpt_large_locus,17,119,0.0012787608429789543
deepcpg_dna_locus,17,0,0.0014352001016959548
deepcpg_dna_locus,17,1,0.001385202631354332
deepcpg_dna_locus,17,2,0.0014010826125741005
deepcpg_dna_locus,17,3,0.001382077345624566
deepcpg_dna_locus,17,4,0.0013834144920110703
deepcpg_dna_locus,17,5,0.0013844731729477644
deepcpg_dna_locus,17,6,0.001385684940032661
deepcpg_dna_locus,17,7,0.0013806167989969254
deepcpg_dna_locus,17,8,0.0013861089246347547
deepcpg_dna_locus,17,9,0.0013816948048770428
deepcpg_dna_locus,17,10,0.0013848701491951942
deepcpg_dna_locus,17,11,0.0013807303039357066
deepcpg_dna_locus,17,12,0.0013839873718097806
deepcpg_dna_locus,17,13,0.0013788696378469467
deepcpg_dna_locus,17,14,0.0013789574149996042
deepcpg_dna_locus,17,15,0.0013760022120550275
deepcpg_dna_locus,17,16,0.001375524327158928
deepcpg_dna_locus,17,17,0.0013811583630740643
deepcpg_dna_locus,17,18,0.0013676559319719672
deepcpg_dna_locus,17,19,0.0013730432838201523
deepcpg_dna_locus,17,20,0.0013634779024869204
deepcpg_dna_locus,17,21,0.0013675744412466884
deepcpg_dna_locus,17,22,0.0013644275022670627
deepcpg_dna_locus,17,23,0.0013608622830361128
deepcpg_dna_locus,17,24,0.0013673488283529878
deepcpg_dna_locus,17,25,0.001366863609291613
deepcpg_dna_locus,17,26,0.0013615986099466681
deepcpg_dna_locus,17,27,0.0013593992916867137
deepcpg_dna_locus,17,28,0.0013568218564614654
deepcpg_dna_locus,17,29,0.001364607480354607
deepcpg_dna_locus,17,30,0.001361454022116959
deepcpg_dna_locus,17,31,0.0013671978376805782
deepcpg_dna_locus,17,32,0.001358414301648736
deepcpg_dna_locus,17,33,0.001354413223452866
deepcpg_dna_locus,17,34,0.0013610791647806764
deepcpg_dna_locus,17,35,0.0013589097652584314
deepcpg_dna_locus,17,36,0.0013592324685305357
deepcpg_dna_locus,17,37,0.0013617920922115445
deepcpg_dna_locus,17,38,0.001356132561340928
deepcpg_dna_locus,17,39,0.001356092281639576
deepcpg_dna_locus,17,40,0.001355354324914515
deepcpg_dna_locus,17,41,0.001354096457362175
deepcpg_dna_locus,17,42,0.0013554146280512214
deepcpg_dna_locus,17,43,0.0013552383752539754
deepcpg_dna_locus,17,44,0.0013550687581300735
deepcpg_dna_locus,17,45,0.0013605954591184855
deepcpg_dna_locus,17,46,0.0013561578234657645
deepcpg_dna_locus,17,47,0.0013575470075011253
deepcpg_dna_locus,17,48,0.0013538377825170755
deepcpg_dna_locus,17,49,0.0013569181319326162
deepcpg_dna_locus,17,50,0.0013551391893997788
deepcpg_dna_locus,17,51,0.0013572598109021783
deepcpg_dna_locus,17,52,0.001360706752166152
deepcpg_dna_locus,17,53,0.0013569925213232636
deepcpg_dna_locus,17,54,0.0013532410375773907
deepcpg_dna_locus,17,55,0.0013560097431764007
deepcpg_dna_locus,17,56,0.0013651859480887651
deepcpg_dna_locus,17,57,0.001353484345600009
deepcpg_dna_locus,17,58,0.0013543057721108198
deepcpg_dna_locus,17,59,0.0013514049351215363
deepcpg_dna_locus,17,60,0.0013528884155675769
deepcpg_dna_locus,17,61,0.001353842904791236
deepcpg_dna_locus,17,62,0.0013523682719096541
deepcpg_dna_locus,17,63,0.001352979801595211
deepcpg_dna_locus,17,64,0.0013549738796427846
deepcpg_dna_locus,17,65,0.0013544261455535889
deepcpg_dna_locus,17,66,0.0013602444669231772
deepcpg_dna_locus,17,67,0.0013518845662474632
deepcpg_dna_locus,17,68,0.0013524234527722
deepcpg_dna_locus,17,69,0.0013532706070691347
deepcpg_dna_locus,17,70,0.001352442428469658
deepcpg_dna_locus,17,71,0.0013553111348301172
deepcpg_dna_locus,17,72,0.0013601492391899228
deepcpg_dna_locus,17,73,0.001358413603156805
deepcpg_dna_locus,17,74,0.0013534576864913106
deepcpg_dna_locus,17,75,0.0013540531508624554
deepcpg_dna_locus,17,76,0.0013593574985861778
deepcpg_dna_locus,17,77,0.001356723951175809
deepcpg_dna_locus,17,78,0.0013527431292459369
deepcpg_dna_locus,17,79,0.0013576295459643006
deepcpg_dna_locus,17,80,0.0013650399632751942
deepcpg_dna_locus,17,81,0.001352274906821549
deepcpg_dna_locus,17,82,0.0013500724453479052
deepcpg_dna_locus,17,83,0.001351797953248024
deepcpg_dna_locus,17,84,0.0013527804985642433
deepcpg_dna_locus,17,85,0.0013520019128918648
deepcpg_dna_locus,17,86,0.0013524704845622182
deepcpg_dna_locus,17,87,0.0013539927313104272
deepcpg_dna_locus,17,88,0.001350655686110258
deepcpg_dna_locus,17,89,0.001352743012830615
deepcpg_dna_locus,17,90,0.0013509017881006002
deepcpg_dna_locus,17,91,0.0013497647596523166
deepcpg_dna_locus,17,92,0.0013512264704331756
deepcpg_dna_locus,17,93,0.0013504793168976903
deepcpg_dna_locus,17,94,0.00135081447660923
deepcpg_dna_locus,17,95,0.0013541625812649727
deepcpg_dna_locus,17,96,0.0013519275235012174
deepcpg_dna_locus,17,97,0.0013505159877240658
deepcpg_dna_locus,17,98,0.0013558089267462492
deepcpg_dna_locus,17,99,0.001352963736280799
deepcpg_dna_locus,17,100,0.0013503939844667912
deepcpg_dna_locus,17,101,0.0013499618507921696
deepcpg_dna_locus,17,102,0.0013572049792855978
deepcpg_dna_locus,17,103,0.0013538409257307649
deepcpg_dna_locus,17,104,0.0013549680588766932
deepcpg_dna_locus,17,105,0.0013493273872882128
deepcpg_dna_locus,17,106,0.0013509575510397553
deepcpg_dna_locus,17,107,0.001352169318124652
deepcpg_dna_locus,17,108,0.001351154875010252
deepcpg_dna_locus,17,109,0.0013513946905732155
deepcpg_dna_locus,17,110,0.0013512300793081522
deepcpg_dna_locus,17,111,0.0013500327477231622
deepcpg_dna_locus,17,112,0.0013550485018640757
deepcpg_dna_locus,17,113,0.0013523967936635017
deepcpg_dna_locus,17,114,0.0013583814725279808
deepcpg_dna_locus,17,115,0.0013501114444807172
deepcpg_dna_locus,17,116,0.0013501057401299477
deepcpg_dna_locus,17,117,0.0013516448670998216
deepcpg_dna_locus,17,118,0.0013495662715286016
deepcpg_dna_locus,17,119,0.0013530629221349955
regulatory_histone_dnase,42,0,0.0014353783335536718
regulatory_histone_dnase,42,1,0.0013880677288398147
regulatory_histone_dnase,42,2,0.001405527233146131
regulatory_histone_dnase,42,3,0.001381077105179429
regulatory_histone_dnase,42,4,0.0013814354315400124
regulatory_histone_dnase,42,5,0.0013820601161569357
regulatory_histone_dnase,42,6,0.001378381159156561
regulatory_histone_dnase,42,7,0.0013747764751315117
regulatory_histone_dnase,42,8,0.001375239691697061
regulatory_histone_dnase,42,9,0.0013713326770812273
regulatory_histone_dnase,42,10,0.0013745167525485158
regulatory_histone_dnase,42,11,0.0013693214859813452
regulatory_histone_dnase,42,12,0.0013673709472641349
regulatory_histone_dnase,42,13,0.0013634798815473914
regulatory_histone_dnase,42,14,0.0013637181837111712
regulatory_histone_dnase,42,15,0.0013562573585659266
regulatory_histone_dnase,42,16,0.0013556510675698519
regulatory_histone_dnase,42,17,0.001373464590869844
regulatory_histone_dnase,42,18,0.0013553533935919404
regulatory_histone_dnase,42,19,0.0013559943763539195
regulatory_histone_dnase,42,20,0.0013465163065120578
regulatory_histone_dnase,42,21,0.0013319121208041906
regulatory_histone_dnase,42,22,0.0012974452693015337
regulatory_histone_dnase,42,23,0.0012972038239240646
regulatory_histone_dnase,42,24,0.0013069519773125648
regulatory_histone_dnase,42,25,0.0012924140319228172
regulatory_histone_dnase,42,26,0.0012840579729527235
regulatory_histone_dnase,42,27,0.00128402397967875
regulatory_histone_dnase,42,28,0.0012846221216022968
regulatory_histone_dnase,42,29,0.0012885743053629994
regulatory_histone_dnase,42,30,0.0012826262973248959
regulatory_histone_dnase,42,31,0.0012861373834311962
regulatory_histone_dnase,42,32,0.001281112665310502
regulatory_histone_dnase,42,33,0.001295947702601552
regulatory_histone_dnase,42,34,0.0012803560821339488
regulatory_histone_dnase,42,35,0.0012776879593729973
regulatory_histone_dnase,42,36,0.0012770983157679439
regulatory_histone_dnase,42,37,0.0012824456207454205
regulatory_histone_dnase,42,38,0.0012694536708295345
regulatory_histone_dnase,42,39,0.001272183726541698
regulatory_histone_dnase,42,40,0.001281648175790906
regulatory_histone_dnase,42,41,0.0012714549666270614
regulatory_histone_dnase,42,42,0.0012824260629713535
regulatory_histone_dnase,42,43,0.001272300141863525
regulatory_histone_dnase,42,44,0.0012723070103675127
regulatory_histone_dnase,42,45,0.0012679407373070717
regulatory_histone_dnase,42,46,0.0012669793795794249
regulatory_histone_dnase,42,47,0.0012689628638327122
regulatory_histone_dnase,42,48,0.0012693811440840364
regulatory_histone_dnase,42,49,0.001271569635719061
regulatory_histone_dnase,42,50,0.0012758492957800627
regulatory_histone_dnase,42,51,0.00126664771232754
regulatory_histone_dnase,42,52,0.0012691423762589693
regulatory_histone_dnase,42,53,0.001263074460439384
regulatory_histone_dnase,42,54,0.0012629980919882655
regulatory_histone_dnase,42,55,0.0012649627169594169
regulatory_histone_dnase,42,56,0.0012740292586386204
regulatory_histone_dnase,42,57,0.0012759483652189374
regulatory_histone_dnase,42,58,0.0012696556514129043
regulatory_histone_dnase,42,59,0.0012721092207357287
regulatory_histone_dnase,42,60,0.0012663064990192652
regulatory_histone_dnase,42,61,0.0012693635653704405
regulatory_histone_dnase,42,62,0.001265874132514
regulatory_histone_dnase,42,63,0.0012677161721512675
regulatory_histone_dnase,42,64,0.0012724514817819
regulatory_histone_dnase,42,65,0.0012615255545824766
regulatory_histone_dnase,42,66,0.0012608530232682824
regulatory_histone_dnase,42,67,0.0012622708454728127
regulatory_histone_dnase,42,68,0.0012623686343431473
regulatory_histone_dnase,42,69,0.001260282937437296
regulatory_histone_dnase,42,70,0.0012592816492542624
regulatory_histone_dnase,42,71,0.0012597248423844576
regulatory_histone_dnase,42,72,0.0012617273023352027
regulatory_histone_dnase,42,73,0.0012677840422838926
regulatory_histone_dnase,42,74,0.0012581655755639076
regulatory_histone_dnase,42,75,0.001261918107047677
regulatory_histone_dnase,42,76,0.0012581241317093372
regulatory_histone_dnase,42,77,0.0012582058552652597
regulatory_histone_dnase,42,78,0.0012603601207956672
regulatory_histone_dnase,42,79,0.001261075958609581
regulatory_histone_dnase,42,80,0.0012594168074429035
regulatory_histone_dnase,42,81,0.0012575278524309397
regulatory_histone_dnase,42,82,0.001256568357348442
regulatory_histone_dnase,42,83,0.0012563676573336124
regulatory_histone_dnase,42,84,0.0012636537430807948
regulatory_histone_dnase,42,85,0.001258755917660892
regulatory_histone_dnase,42,86,0.0012563855852931738
regulatory_histone_dnase,42,87,0.0012585438089445233
regulatory_histone_dnase,42,88,0.0012563057243824005
regulatory_histone_dnase,42,89,0.0012546494835987687
regulatory_histone_dnase,42,90,0.0012523074401542544
regulatory_histone_dnase,42,91,0.0012535416753962636
regulatory_histone_dnase,42,92,0.0012552224798128009
regulatory_histone_dnase,42,93,0.0012530367821455002
regulatory_histone_dnase,42,94,0.0012607816606760025
regulatory_histone_dnase,42,95,0.0012599414912983775
regulatory_histone_dnase,42,96,0.001259299460798502
regulatory_histone_dnase,42,97,0.0012545195640996099
regulatory_histone_dnase,42,98,0.001257044612430036
regulatory_histone_dnase,42,99,0.0012552200350910425
regulatory_histone_dnase,42,100,0.0012555435532703996
regulatory_histone_dnase,42,101,0.001252293586730957
regulatory_histone_dnase,42,102,0.001255870796740055
regulatory_histone_dnase,42,103,0.001256235409528017
regulatory_histone_dnase,42,104,0.0012565315701067448
regulatory_histone_dnase,42,105,0.0012513832189142704
regulatory_histone_dnase,42,106,0.0012529509840533137
regulatory_histone_dnase,42,107,0.0012556903529912233
regulatory_histone_dnase,42,108,0.0012545196805149317
regulatory_histone_dnase,42,109,0.0012574066640809178
regulatory_histone_dnase,42,110,0.0012532855616882443
regulatory_histone_dnase,42,111,0.0012563149211928248
regulatory_histone_dnase,42,112,0.0012510938104242086
regulatory_histone_dnase,42,113,0.0012526572681963444
regulatory_histone_dnase,42,114,0.001254527596756816
regulatory_histone_dnase,42,115,0.0012556860456243157
regulatory_histone_dnase,42,116,0.001247104723006487
regulatory_histone_dnase,42,117,0.0012498913565650582
regulatory_histone_dnase,42,118,0.0012490692315623164
regulatory_histone_dnase,42,119,0.001253926195204258
functional_annotations_pca,42,0,0.001435368089005351
functional_annotations_pca,42,1,0.0013860865728929639
functional_annotations_pca,42,2,0.0014049316523596644
functional_annotations_pca,42,3,0.0013806108618155122
functional_annotations_pca,42,4,0.001380625180900097
functional_annotations_pca,42,5,0.001381858135573566
functional_annotations_pca,42,6,0.0013775340048596263
functional_annotations_pca,42,7,0.0013739559799432755
functional_annotations_pca,42,8,0.0013765869662165642
functional_annotations_pca,42,9,0.0013705288292840123
functional_annotations_pca,42,10,0.0013738588895648718
functional_annotations_pca,42,11,0.0013669818872585893
functional_annotations_pca,42,12,0.001369356643408537
functional_annotations_pca,42,13,0.001361524686217308
functional_annotations_pca,42,14,0.0013599464436993003
functional_annotations_pca,42,15,0.0013530277647078037
functional_annotations_pca,42,16,0.0013496596366167068
functional_annotations_pca,42,17,0.0013682395219802856
functional_annotations_pca,42,18,0.0013491073623299599
functional_annotations_pca,42,19,0.00134371779859066
functional_annotations_pca,42,20,0.001333873369731009
functional_annotations_pca,42,21,0.0013106135884299874
functional_annotations_pca,42,22,0.0012879895512014627
functional_annotations_pca,42,23,0.0012833656510338187
functional_annotations_pca,42,24,0.001288755564019084
functional_annotations_pca,42,25,0.0012829283950850368
functional_annotations_pca,42,26,0.0012787325540557504
functional_annotations_pca,42,27,0.0012793599162250757
functional_annotations_pca,42,28,0.001281603006646037
functional_annotations_pca,42,29,0.0012816073140129447
functional_annotations_pca,42,30,0.0012752029579132795
functional_annotations_pca,42,31,0.0012860686983913183
functional_annotations_pca,42,32,0.0012792098568752408
functional_annotations_pca,42,33,0.001280592055991292
functional_annotations_pca,42,34,0.0012750359019264579
functional_annotations_pca,42,35,0.0012740354286506772
functional_annotations_pca,42,36,0.0012728237779811025
functional_annotations_pca,42,37,0.0012810381595045328
functional_annotations_pca,42,38,0.0012665499234572053
functional_annotations_pca,42,39,0.0012675401521846652
functional_annotations_pca,42,40,0.0012785351136699319
functional_annotations_pca,42,41,0.001263894373551011
functional_annotations_pca,42,42,0.001276266179047525
functional_annotations_pca,42,43,0.0012688817223533988
functional_annotations_pca,42,44,0.0012659134808927774
functional_annotations_pca,42,45,0.0012677310733124614
functional_annotations_pca,42,46,0.001263897749595344
functional_annotations_pca,42,47,0.0012653064914047718
functional_annotations_pca,42,48,0.0012680507497861981
functional_annotations_pca,42,49,0.0012690526200458407
functional_annotations_pca,42,50,0.0012647842522710562
functional_annotations_pca,42,51,0.001261599943973124
functional_annotations_pca,42,52,0.001261936267837882
functional_annotations_pca,42,53,0.0012587112141773105
functional_annotations_pca,42,54,0.001259050564840436
functional_annotations_pca,42,55,0.0012620516354218125
functional_annotations_pca,42,56,0.0012691591400653124
functional_annotations_pca,42,57,0.001270224223844707
functional_annotations_pca,42,58,0.001263160607777536
functional_annotations_pca,42,59,0.0012602683855220675
functional_annotations_pca,42,60,0.0012613422004505992
functional_annotations_pca,42,61,0.0012663680827245116
functional_annotations_pca,42,62,0.0012612241553142667
functional_annotations_pca,42,63,0.0012627104297280312
functional_annotations_pca,42,64,0.0012653012527152896
functional_annotations_pca,42,65,0.001258144504390657
functional_annotations_pca,42,66,0.0012565889628604054
functional_annotations_pca,42,67,0.0012570720864459872
functional_annotations_pca,42,68,0.0012576968874782324
functional_annotations_pca,42,69,0.0012560960603877902
functional_annotations_pca,42,70,0.00125601002946496
functional_annotations_pca,42,71,0.001256677438504994
functional_annotations_pca,42,72,0.0012576676672324538
functional_annotations_pca,42,73,0.0012622857466340065
functional_annotations_pca,42,74,0.001253488939255476
functional_annotations_pca,42,75,0.0012582571944221854
functional_annotations_pca,42,76,0.0012536589056253433
functional_annotations_pca,42,77,0.0012540831230580807
functional_annotations_pca,42,78,0.001255908515304327
functional_annotations_pca,42,79,0.0012565518263727427
functional_annotations_pca,42,80,0.0012565541546791792
functional_annotations_pca,42,81,0.0012520751915872097
functional_annotations_pca,42,82,0.001253135851584375
functional_annotations_pca,42,83,0.0012555401772260666
functional_annotations_pca,42,84,0.0012596778105944395
functional_annotations_pca,42,85,0.0012539643794298172
functional_annotations_pca,42,86,0.0012515773996710777
functional_annotations_pca,42,87,0.0012546272482722998
functional_annotations_pca,42,88,0.0012540945317596197
functional_annotations_pca,42,89,0.0012518186122179031
functional_annotations_pca,42,90,0.0012494124239310622
functional_annotations_pca,42,91,0.0012518615694716573
functional_annotations_pca,42,92,0.0012570375110954046
functional_annotations_pca,42,93,0.0012540038442239165
functional_annotations_pca,42,94,0.0012575332075357437
functional_annotations_pca,42,95,0.001256793737411499
functional_annotations_pca,42,96,0.0012554120039567351
functional_annotations_pca,42,97,0.0012513401452451944
functional_annotations_pca,42,98,0.00125438766553998
functional_annotations_pca,42,99,0.0012516137212514877
functional_annotations_pca,42,100,0.0012525457423180342
functional_annotations_pca,42,101,0.0012503607431426644
functional_annotations_pca,42,102,0.0012540355091914535
functional_annotations_pca,42,103,0.0012515524867922068
functional_annotations_pca,42,104,0.001254965434782207
functional_annotations_pca,42,105,0.0012481820303946733
functional_annotations_pca,42,106,0.001250499626621604
functional_annotations_pca,42,107,0.0012523334007710218
functional_annotations_pca,42,108,0.0012502098688855767
functional_annotations_pca,42,109,0.001255495473742485
functional_annotations_pca,42,110,0.0012510907836258411
functional_annotations_pca,42,111,0.0012563620693981647
functional_annotations_pca,42,112,0.001248626969754696
functional_annotations_pca,42,113,0.0012488131178542972
functional_annotations_pca,42,114,0.0012485106708481908
functional_annotations_pca,42,115,0.001253762049600482
functional_annotations_pca,42,116,0.0012461335863918066
functional_annotations_pca,42,117,0.0012486932100728154
functional_annotations_pca,42,118,0.0012485155602917075
functional_annotations_pca,42,119,0.0012526668142527342
cpgpt_large_locus,42,0,0.0014350200071930885
cpgpt_large_locus,42,1,0.0013973177410662174
cpgpt_large_locus,42,2,0.0013903608778491616
cpgpt_large_locus,42,3,0.0013820384629070759
cpgpt_large_locus,42,4,0.00138081144541502
cpgpt_large_locus,42,5,0.0013827966758981347
cpgpt_large_locus,42,6,0.001388683682307601
cpgpt_large_locus,42,7,0.0013784158509224653
cpgpt_large_locus,42,8,0.0013822393957525492
cpgpt_large_locus,42,9,0.0013797905994579196
cpgpt_large_locus,42,10,0.001380345318466425
cpgpt_large_locus,42,11,0.0013777092099189758
cpgpt_large_locus,42,12,0.0013802585890516639
cpgpt_large_locus,42,13,0.0013758348068222404
cpgpt_large_locus,42,14,0.001376800355501473
cpgpt_large_locus,42,15,0.001370019861496985
cpgpt_large_locus,42,16,0.0013696483802050352
cpgpt_large_locus,42,17,0.0013570658629760146
cpgpt_large_locus,42,18,0.001331065664999187
cpgpt_large_locus,42,19,0.001345120370388031
cpgpt_large_locus,42,20,0.0013355020200833678
cpgpt_large_locus,42,21,0.0013311827788129449
cpgpt_large_locus,42,22,0.0013236930826678872
cpgpt_large_locus,42,23,0.0013155280612409115
cpgpt_large_locus,42,24,0.001318024005740881
cpgpt_large_locus,42,25,0.001319741946645081
cpgpt_large_locus,42,26,0.001314886612817645
cpgpt_large_locus,42,27,0.0013149335281923413
cpgpt_large_locus,42,28,0.0013152224710211158
cpgpt_large_locus,42,29,0.0013214378850534558
cpgpt_large_locus,42,30,0.0013141278177499771
cpgpt_large_locus,42,31,0.001314503257162869
cpgpt_large_locus,42,32,0.0013127342099323869
cpgpt_large_locus,42,33,0.0013162526302039623
cpgpt_large_locus,42,34,0.001314894063398242
cpgpt_large_locus,42,35,0.0013086814433336258
cpgpt_large_locus,42,36,0.0013121776282787323
cpgpt_large_locus,42,37,0.0013191353064030409
cpgpt_large_locus,42,38,0.001309797982685268
cpgpt_large_locus,42,39,0.001314756111241877
cpgpt_large_locus,42,40,0.001307290862314403
cpgpt_large_locus,42,41,0.0013072373112663627
cpgpt_large_locus,42,42,0.0013138551730662584
cpgpt_large_locus,42,43,0.0013116898480802774
cpgpt_large_locus,42,44,0.0013052745489403605
cpgpt_large_locus,42,45,0.001305137644521892
cpgpt_large_locus,42,46,0.0013101629447191954
cpgpt_large_locus,42,47,0.0013092058943584561
cpgpt_large_locus,42,48,0.0013128654100000858
cpgpt_large_locus,42,49,0.0013155817287042737
cpgpt_large_locus,42,50,0.0013041020138189197
cpgpt_large_locus,42,51,0.001304239733144641
cpgpt_large_locus,42,52,0.0013086294056847692
cpgpt_large_locus,42,53,0.0013023520587012172
cpgpt_large_locus,42,54,0.0013043356593698263
cpgpt_large_locus,42,55,0.0013052367139607668
cpgpt_large_locus,42,56,0.001321287825703621
cpgpt_large_locus,42,57,0.0013043431099504232
cpgpt_large_locus,42,58,0.001304040546528995
cpgpt_large_locus,42,59,0.0013027394888922572
cpgpt_large_locus,42,60,0.0013093717861920595
cpgpt_large_locus,42,61,0.0013015421573072672
cpgpt_large_locus,42,62,0.0013125407276675105
cpgpt_large_locus,42,63,0.0013030722038820386
cpgpt_large_locus,42,64,0.0013051759451627731
cpgpt_large_locus,42,65,0.0013053510338068008
cpgpt_large_locus,42,66,0.0012980425963178277
cpgpt_large_locus,42,67,0.0013072536094114184
cpgpt_large_locus,42,68,0.0013029094552621245
cpgpt_large_locus,42,69,0.0013023156207054853
cpgpt_large_locus,42,70,0.0012989509850740433
cpgpt_large_locus,42,71,0.0012966908980160952
cpgpt_large_locus,42,72,0.0012983271153643727
cpgpt_large_locus,42,73,0.0012986190849915147
cpgpt_large_locus,42,74,0.0013013514690101147
cpgpt_large_locus,42,75,0.0013034477597102523
cpgpt_large_locus,42,76,0.0012949451338499784
cpgpt_large_locus,42,77,0.0013022698694840074
cpgpt_large_locus,42,78,0.001311574480496347
cpgpt_large_locus,42,79,0.0012983799679204822
cpgpt_large_locus,42,80,0.0013055851450189948
cpgpt_large_locus,42,81,0.0012955667916685343
cpgpt_large_locus,42,82,0.001293053850531578
cpgpt_large_locus,42,83,0.0012927179923281074
cpgpt_large_locus,42,84,0.0012962003238499165
cpgpt_large_locus,42,85,0.0012952497927471995
cpgpt_large_locus,42,86,0.0012957181315869093
cpgpt_large_locus,42,87,0.0012967532966285944
cpgpt_large_locus,42,88,0.0012939588632434607
cpgpt_large_locus,42,89,0.0012933609541505575
cpgpt_large_locus,42,90,0.00129071029368788
cpgpt_large_locus,42,91,0.001292083295993507
cpgpt_large_locus,42,92,0.0012922178721055388
cpgpt_large_locus,42,93,0.0012900987640023232
cpgpt_large_locus,42,94,0.00129373196978122
cpgpt_large_locus,42,95,0.001293272478505969
cpgpt_large_locus,42,96,0.0012909075012430549
cpgpt_large_locus,42,97,0.0012888191267848015
cpgpt_large_locus,42,98,0.001290748710744083
cpgpt_large_locus,42,99,0.0012899962021037936
cpgpt_large_locus,42,100,0.0012902626767754555
cpgpt_large_locus,42,101,0.0012965984642505646
cpgpt_large_locus,42,102,0.0012969246599823236
cpgpt_large_locus,42,103,0.001288815401494503
cpgpt_large_locus,42,104,0.0012896249536424875
cpgpt_large_locus,42,105,0.0012854572851210833
cpgpt_large_locus,42,106,0.001286752289161086
cpgpt_large_locus,42,107,0.0012858844129368663
cpgpt_large_locus,42,108,0.0012823848519474268
cpgpt_large_locus,42,109,0.0012944074114784598
cpgpt_large_locus,42,110,0.0012856381945312023
cpgpt_large_locus,42,111,0.0012811108026653528
cpgpt_large_locus,42,112,0.0012921835295856
cpgpt_large_locus,42,113,0.0012837557587772608
cpgpt_large_locus,42,114,0.0012844981392845511
cpgpt_large_locus,42,115,0.0012870692880824208
cpgpt_large_locus,42,116,0.0012778006494045258
cpgpt_large_locus,42,117,0.001279156538657844
cpgpt_large_locus,42,118,0.0012776239309459925
cpgpt_large_locus,42,119,0.001279531279578805
deepcpg_dna_locus,42,0,0.00143513607326895
deepcpg_dna_locus,42,1,0.0014304184587672353
deepcpg_dna_locus,42,2,0.0014003084506839514
deepcpg_dna_locus,42,3,0.0013817932922393084
deepcpg_dna_locus,42,4,0.0013860141625627875
deepcpg_dna_locus,42,5,0.0013855397701263428
deepcpg_dna_locus,42,6,0.0013896211748942733
deepcpg_dna_locus,42,7,0.0013812067918479443
deepcpg_dna_locus,42,8,0.0013854604912921786
deepcpg_dna_locus,42,9,0.001384464092552662
deepcpg_dna_locus,42,10,0.0013858415186405182
deepcpg_dna_locus,42,11,0.001381079782731831
deepcpg_dna_locus,42,12,0.001380119239911437
deepcpg_dna_locus,42,13,0.0013754728715866804
deepcpg_dna_locus,42,14,0.0013752109371125698
deepcpg_dna_locus,42,15,0.001374265644699335
deepcpg_dna_locus,42,16,0.0013758917339146137
deepcpg_dna_locus,42,17,0.001378529123030603
deepcpg_dna_locus,42,18,0.0013671763008460402
deepcpg_dna_locus,42,19,0.0013693164801225066
deepcpg_dna_locus,42,20,0.0013639871031045914
deepcpg_dna_locus,42,21,0.0013675731606781483
deepcpg_dna_locus,42,22,0.0013632351765409112
deepcpg_dna_locus,42,23,0.001360274851322174
deepcpg_dna_locus,42,24,0.0013678553514182568
deepcpg_dna_locus,42,25,0.0013676394009962678
deepcpg_dna_locus,42,26,0.0013616278301924467
deepcpg_dna_locus,42,27,0.0013602618128061295
deepcpg_dna_locus,42,28,0.0013576786732301116
deepcpg_dna_locus,42,29,0.0013657002709805965
deepcpg_dna_locus,42,30,0.0013614845229312778
deepcpg_dna_locus,42,31,0.0013663811841979623
deepcpg_dna_locus,42,32,0.0013584803091362119
deepcpg_dna_locus,42,33,0.0013544736430048943
deepcpg_dna_locus,42,34,0.00136138079687953
deepcpg_dna_locus,42,35,0.0013602165272459388
deepcpg_dna_locus,42,36,0.0013595891650766134
deepcpg_dna_locus,42,37,0.0013646762818098068
deepcpg_dna_locus,42,38,0.0013573442120105028
deepcpg_dna_locus,42,39,0.0013564660912379622
deepcpg_dna_locus,42,40,0.0013551238225772977
deepcpg_dna_locus,42,41,0.0013540992513298988
deepcpg_dna_locus,42,42,0.0013556746998801827
deepcpg_dna_locus,42,43,0.0013556526973843575
deepcpg_dna_locus,42,44,0.0013560329098254442
deepcpg_dna_locus,42,45,0.001360089285299182
deepcpg_dna_locus,42,46,0.0013574297772720456
deepcpg_dna_locus,42,47,0.0013569968286901712
deepcpg_dna_locus,42,48,0.0013541964581236243
deepcpg_dna_locus,42,49,0.0013571318704634905
deepcpg_dna_locus,42,50,0.0013567603891715407
deepcpg_dna_locus,42,51,0.0013576732017099857
deepcpg_dna_locus,42,52,0.0013620939571410418
deepcpg_dna_locus,42,53,0.0013587980065494776
deepcpg_dna_locus,42,54,0.0013529825955629349
deepcpg_dna_locus,42,55,0.0013549962313845754
deepcpg_dna_locus,42,56,0.0013640396064147353
deepcpg_dna_locus,42,57,0.0013539533829316497
deepcpg_dna_locus,42,58,0.0013544793473556638
deepcpg_dna_locus,42,59,0.001350908074527979
deepcpg_dna_locus,42,60,0.001352726947516203
deepcpg_dna_locus,42,61,0.0013534697936847806
deepcpg_dna_locus,42,62,0.0013523711822926998
deepcpg_dna_locus,42,63,0.0013529107673093677
deepcpg_dna_locus,42,64,0.0013540940126404166
deepcpg_dna_locus,42,65,0.0013548145070672035
deepcpg_dna_locus,42,66,0.0013578478246927261
deepcpg_dna_locus,42,67,0.0013524317182600498
deepcpg_dna_locus,42,68,0.0013559910003095865
deepcpg_dna_locus,42,69,0.00135326839517802
deepcpg_dna_locus,42,70,0.0013518126215785742
deepcpg_dna_locus,42,71,0.0013563233660534024
deepcpg_dna_locus,42,72,0.001359801390208304
deepcpg_dna_locus,42,73,0.0013578379293903708
deepcpg_dna_locus,42,74,0.0013529332354664803
deepcpg_dna_locus,42,75,0.0013526451075449586
deepcpg_dna_locus,42,76,0.0013589238515123725
deepcpg_dna_locus,42,77,0.001356041058897972
deepcpg_dna_locus,42,78,0.0013521130895242095
deepcpg_dna_locus,42,79,0.0013570912415161729
deepcpg_dna_locus,42,80,0.0013638120144605637
deepcpg_dna_locus,42,81,0.001352329389192164
deepcpg_dna_locus,42,82,0.0013495379826053977
deepcpg_dna_locus,42,83,0.001352141029201448
deepcpg_dna_locus,42,84,0.0013520626816898584
deepcpg_dna_locus,42,85,0.0013517261249944568
deepcpg_dna_locus,42,86,0.001351933111436665
deepcpg_dna_locus,42,87,0.001354481908492744
deepcpg_dna_locus,42,88,0.0013505872339010239
deepcpg_dna_locus,42,89,0.0013530616415664554
deepcpg_dna_locus,42,90,0.0013508361298590899
deepcpg_dna_locus,42,91,0.0013497937470674515
deepcpg_dna_locus,42,92,0.0013516669860109687
deepcpg_dna_locus,42,93,0.0013508009724318981
deepcpg_dna_locus,42,94,0.0013513336889445782
deepcpg_dna_locus,42,95,0.0013545732945203781
deepcpg_dna_locus,42,96,0.0013514880556613207
deepcpg_dna_locus,42,97,0.0013502580113708973
deepcpg_dna_locus,42,98,0.001355053624138236
deepcpg_dna_locus,42,99,0.0013519510393962264
deepcpg_dna_locus,42,100,0.0013503882801160216
deepcpg_dna_locus,42,101,0.0013503942172974348
deepcpg_dna_locus,42,102,0.0013536979677155614
deepcpg_dna_locus,42,103,0.0013548106653615832
deepcpg_dna_locus,42,104,0.0013546986738219857
deepcpg_dna_locus,42,105,0.00134918256662786
deepcpg_dna_locus,42,106,0.0013511397410184145
deepcpg_dna_locus,42,107,0.0013510044664144516
deepcpg_dna_locus,42,108,0.001350374543108046
deepcpg_dna_locus,42,109,0.0013505255337804556
deepcpg_dna_locus,42,110,0.0013510024873539805
deepcpg_dna_locus,42,111,0.001349574769847095
deepcpg_dna_locus,42,112,0.0013524290407076478
deepcpg_dna_locus,42,113,0.0013516449835151434
deepcpg_dna_locus,42,114,0.0013562971726059914
deepcpg_dna_locus,42,115,0.001349476515315473
deepcpg_dna_locus,42,116,0.0013502566143870354
deepcpg_dna_locus,42,117,0.0013502107467502356
deepcpg_dna_locus,42,118,0.0013487873366102576
deepcpg_dna_locus,42,119,0.0013531055301427841
regulatory_histone_dnase,97,0,0.0014354839222505689
regulatory_histone_dnase,97,1,0.0014143369626253843
regulatory_histone_dnase,97,2,0.0014055322390049696
regulatory_histone_dnase,97,3,0.0013807084178552032
regulatory_histone_dnase,97,4,0.0013808956136927009
regulatory_histone_dnase,97,5,0.0013808965450152755
regulatory_histone_dnase,97,6,0.001378987799398601
regulatory_histone_dnase,97,7,0.0013738061534240842
regulatory_histone_dnase,97,8,0.0013740654103457928
regulatory_histone_dnase,97,9,0.0013700008857995272
regulatory_histone_dnase,97,10,0.0013740030117332935
regulatory_histone_dnase,97,11,0.0013669404434040189
regulatory_histone_dnase,97,12,0.001367036602459848
regulatory_histone_dnase,97,13,0.0013620235258713365
regulatory_histone_dnase,97,14,0.0013642758131027222
regulatory_histone_dnase,97,15,0.0013546354603022337
regulatory_histone_dnase,97,16,0.0013531837612390518
regulatory_histone_dnase,97,17,0.0013687938917428255
regulatory_histone_dnase,97,18,0.0013514808379113674
regulatory_histone_dnase,97,19,0.0013538062339648604
regulatory_histone_dnase,97,20,0.0013435040600597858
regulatory_histone_dnase,97,21,0.0013016791781410575
regulatory_histone_dnase,97,22,0.001292944187298417
regulatory_histone_dnase,97,23,0.0012929086806252599
regulatory_histone_dnase,97,24,0.001293274573981762
regulatory_histone_dnase,97,25,0.0012860525166615844
regulatory_histone_dnase,97,26,0.001282188924960792
regulatory_histone_dnase,97,27,0.0012825061567127705
regulatory_histone_dnase,97,28,0.0012833480723202229
regulatory_histone_dnase,97,29,0.0012869260972365737
regulatory_histone_dnase,97,30,0.0012798324460163713
regulatory_histone_dnase,97,31,0.0012942437315359712
regulatory_histone_dnase,97,32,0.0012810990447178483
regulatory_histone_dnase,97,33,0.0012855317909270525
regulatory_histone_dnase,97,34,0.0012792391935363412
regulatory_histone_dnase,97,35,0.0012769099557772279
regulatory_histone_dnase,97,36,0.0012749724555760622
regulatory_histone_dnase,97,37,0.001282006734982133
regulatory_histone_dnase,97,38,0.0012718642828986049
regulatory_histone_dnase,97,39,0.0012746936408802867
regulatory_histone_dnase,97,40,0.001283172401599586
regulatory_histone_dnase,97,41,0.001270688371732831
regulatory_histone_dnase,97,42,0.0012822849676012993
regulatory_histone_dnase,97,43,0.0012722277315333486
regulatory_histone_dnase,97,44,0.0012696788180619478
regulatory_histone_dnase,97,45,0.0012711613671854138
regulatory_histone_dnase,97,46,0.0012672706507146358
regulatory_histone_dnase,97,47,0.0012673474848270416
regulatory_histone_dnase,97,48,0.0012701826635748148
regulatory_histone_dnase,97,49,0.0012706829002127051
regulatory_histone_dnase,97,50,0.001273046131245792
regulatory_histone_dnase,97,51,0.0012666713446378708
regulatory_histone_dnase,97,52,0.0012685211841017008
regulatory_histone_dnase,97,53,0.0012620859779417515
regulatory_histone_dnase,97,54,0.0012617828324437141
regulatory_histone_dnase,97,55,0.0012638508342206478
regulatory_histone_dnase,97,56,0.0012722520623356104
regulatory_histone_dnase,97,57,0.0012762228725478053
regulatory_histone_dnase,97,58,0.001267752144485712
regulatory_histone_dnase,97,59,0.0012683725217357278
regulatory_histone_dnase,97,60,0.001262741512618959
regulatory_histone_dnase,97,61,0.001268044812604785
regulatory_histone_dnase,97,62,0.0012597430031746626
regulatory_histone_dnase,97,63,0.001266165403649211
regulatory_histone_dnase,97,64,0.0012721590464934707
regulatory_histone_dnase,97,65,0.001260695164091885
regulatory_histone_dnase,97,66,0.0012630606070160866
regulatory_histone_dnase,97,67,0.0012617831816896796
regulatory_histone_dnase,97,68,0.0012641636421903968
regulatory_histone_dnase,97,69,0.0012598460307344794
regulatory_histone_dnase,97,70,0.0012599537149071693
regulatory_histone_dnase,97,71,0.0012601199559867382
regulatory_histone_dnase,97,72,0.001261541387066245
regulatory_histone_dnase,97,73,0.0012629982084035873
regulatory_histone_dnase,97,74,0.0012577194720506668
regulatory_histone_dnase,97,75,0.001261578407138586
regulatory_histone_dnase,97,76,0.0012575394939631224
regulatory_histone_dnase,97,77,0.0012575120199471712
regulatory_histone_dnase,97,78,0.0012604130897670984
regulatory_histone_dnase,97,79,0.0012608354445546865
regulatory_histone_dnase,97,80,0.0012601036578416824
regulatory_histone_dnase,97,81,0.0012566950172185898
regulatory_histone_dnase,97,82,0.0012569476384669542
regulatory_histone_dnase,97,83,0.0012558653252199292
regulatory_histone_dnase,97,84,0.0012609403347596526
regulatory_histone_dnase,97,85,0.0012591865379363298
regulatory_histone_dnase,97,86,0.001255124807357788
regulatory_histone_dnase,97,87,0.0012604299699887633
regulatory_histone_dnase,97,88,0.0012552955886349082
regulatory_histone_dnase,97,89,0.0012546306243166327
regulatory_histone_dnase,97,90,0.00125217461027205
regulatory_histone_dnase,97,91,0.0012539755553007126
regulatory_histone_dnase,97,92,0.0012555682333186269
regulatory_histone_dnase,97,93,0.001252488698810339
regulatory_histone_dnase,97,94,0.0012608986580744386
regulatory_histone_dnase,97,95,0.0012596170417964458
regulatory_histone_dnase,97,96,0.001258122269064188
regulatory_histone_dnase,97,97,0.001253183581866324
regulatory_histone_dnase,97,98,0.0012555252760648727
regulatory_histone_dnase,97,99,0.0012544043129310012
regulatory_histone_dnase,97,100,0.0012532289838418365
regulatory_histone_dnase,97,101,0.0012506939237937331
regulatory_histone_dnase,97,102,0.0012586481170728803
regulatory_histone_dnase,97,103,0.0012589609250426292
regulatory_histone_dnase,97,104,0.0012587904930114746
regulatory_histone_dnase,97,105,0.001252307090908289
regulatory_histone_dnase,97,106,0.0012526517966762185
regulatory_histone_dnase,97,107,0.0012525321217253804
regulatory_histone_dnase,97,108,0.0012534393463283777
regulatory_histone_dnase,97,109,0.0012564179487526417
regulatory_histone_dnase,97,110,0.001254099071957171
regulatory_histone_dnase,97,111,0.0012559357564896345
regulatory_histone_dnase,97,112,0.001249918481335044
regulatory_histone_dnase,97,113,0.0012511310633271933
regulatory_histone_dnase,97,114,0.0012498125433921814
regulatory_histone_dnase,97,115,0.0012551805702969432
regulatory_histone_dnase,97,116,0.0012466395273804665
regulatory_histone_dnase,97,117,0.0012514081317931414
regulatory_histone_dnase,97,118,0.0012502348981797695
regulatory_histone_dnase,97,119,0.0012541298056021333
functional_annotations_pca,97,0,0.0014351728605106473
functional_annotations_pca,97,1,0.0013850125251337886
functional_annotations_pca,97,2,0.0013858636375516653
functional_annotations_pca,97,3,0.001384081901051104
functional_annotations_pca,97,4,0.0013804954942315817
functional_annotations_pca,97,5,0.001381224486976862
functional_annotations_pca,97,6,0.0013772815000265837
functional_annotations_pca,97,7,0.001373053528368473
functional_annotations_pca,97,8,0.0013751760125160217
functional_annotations_pca,97,9,0.0013694351073354483
functional_annotations_pca,97,10,0.0013742158189415932
functional_annotations_pca,97,11,0.0013657133094966412
functional_annotations_pca,97,12,0.0013670730404555798
functional_annotations_pca,97,13,0.0013620759127661586
functional_annotations_pca,97,14,0.001361523987725377
functional_annotations_pca,97,15,0.001354805426672101
functional_annotations_pca,97,16,0.0013490318087860942
functional_annotations_pca,97,17,0.0013652635971084237
functional_annotations_pca,97,18,0.001348018180578947
functional_annotations_pca,97,19,0.001316332956776023
functional_annotations_pca,97,20,0.001302393153309822
functional_annotations_pca,97,21,0.0012926958734169602
functional_annotations_pca,97,22,0.001283286139369011
functional_annotations_pca,97,23,0.001281083095818758
functional_annotations_pca,97,24,0.0012841104762628675
functional_annotations_pca,97,25,0.0012821881100535393
functional_annotations_pca,97,26,0.0012763235718011856
functional_annotations_pca,97,27,0.001276235212571919
functional_annotations_pca,97,28,0.0012783835409209132
functional_annotations_pca,97,29,0.0012799105606973171
functional_annotations_pca,97,30,0.0012747634900733829
functional_annotations_pca,97,31,0.0012819268740713596
functional_annotations_pca,97,32,0.0012732925824820995
functional_annotations_pca,97,33,0.0012886542826890945
functional_annotations_pca,97,34,0.0012731218012049794
functional_annotations_pca,97,35,0.0012677764752879739
functional_annotations_pca,97,36,0.0012714670738205314
functional_annotations_pca,97,37,0.00127131724730134
functional_annotations_pca,97,38,0.0012686735717579722
functional_annotations_pca,97,39,0.001265725470148027
functional_annotations_pca,97,40,0.0012732365867123008
functional_annotations_pca,97,41,0.001262666191905737
functional_annotations_pca,97,42,0.0012708882568404078
functional_annotations_pca,97,43,0.0012661830987781286
functional_annotations_pca,97,44,0.0012659674976021051
functional_annotations_pca,97,45,0.0012636769097298384
functional_annotations_pca,97,46,0.0012618653709068894
functional_annotations_pca,97,47,0.0012625998351722956
functional_annotations_pca,97,48,0.0012677963823080063
functional_annotations_pca,97,49,0.0012668321141973138
functional_annotations_pca,97,50,0.001266643637791276
functional_annotations_pca,97,51,0.0012605919037014246
functional_annotations_pca,97,52,0.0012641609646379948
functional_annotations_pca,97,53,0.0012573773274198174
functional_annotations_pca,97,54,0.0012571228435263038
functional_annotations_pca,97,55,0.001259652548469603
functional_annotations_pca,97,56,0.0012672733282670379
functional_annotations_pca,97,57,0.0012689105933532119
functional_annotations_pca,97,58,0.0012614707229658961
functional_annotations_pca,97,59,0.001257067546248436
functional_annotations_pca,97,60,0.0012605339288711548
functional_annotations_pca,97,61,0.0012644523521885276
functional_annotations_pca,97,62,0.001258618663996458
functional_annotations_pca,97,63,0.0012741771060973406
functional_annotations_pca,97,64,0.0012763774720951915
functional_annotations_pca,97,65,0.0012564652133733034
functional_annotations_pca,97,66,0.0012546844081953168
functional_annotations_pca,97,67,0.0012590414844453335
functional_annotations_pca,97,68,0.0012576556764543056
functional_annotations_pca,97,69,0.0012554395943880081
functional_annotations_pca,97,70,0.0012549252714961767
functional_annotations_pca,97,71,0.0012575676664710045
functional_annotations_pca,97,72,0.001257068244740367
functional_annotations_pca,97,73,0.0012595838634297252
functional_annotations_pca,97,74,0.0012517960276454687
functional_annotations_pca,97,75,0.001256313524208963
functional_annotations_pca,97,76,0.0012534335255622864
functional_annotations_pca,97,77,0.0012524378253147006
functional_annotations_pca,97,78,0.001255605136975646
functional_annotations_pca,97,79,0.0012560265604406595
functional_annotations_pca,97,80,0.0012539612362161279
functional_annotations_pca,97,81,0.0012518665753304958
functional_annotations_pca,97,82,0.0012510631931945682
functional_annotations_pca,97,83,0.0012543655466288328
functional_annotations_pca,97,84,0.0012572568375617266
functional_annotations_pca,97,85,0.001253168797120452
functional_annotations_pca,97,86,0.0012504328042268753
functional_annotations_pca,97,87,0.0012550632236525416
functional_annotations_pca,97,88,0.0012513048714026809
functional_annotations_pca,97,89,0.0012491225497797132
functional_annotations_pca,97,90,0.0012485659681260586
functional_annotations_pca,97,91,0.001250071101821959
functional_annotations_pca,97,92,0.001254935166798532
functional_annotations_pca,97,93,0.0012510332744568586
functional_annotations_pca,97,94,0.0012534854467958212
functional_annotations_pca,97,95,0.00125700025819242
functional_annotations_pca,97,96,0.0012543302727863193
functional_annotations_pca,97,97,0.001250973204150796
functional_annotations_pca,97,98,0.0012543932534754276
functional_annotations_pca,97,99,0.001249915105290711
functional_annotations_pca,97,100,0.0012516340939328074
functional_annotations_pca,97,101,0.0012491546804085374
functional_annotations_pca,97,102,0.0012518004514276981
functional_annotations_pca,97,103,0.0012507028877735138
functional_annotations_pca,97,104,0.001253446564078331
functional_annotations_pca,97,105,0.0012469616485759616
functional_annotations_pca,97,106,0.001249494613148272
functional_annotations_pca,97,107,0.0012488389620557427
functional_annotations_pca,97,108,0.0012485637562349439
functional_annotations_pca,97,109,0.0012530218809843063
functional_annotations_pca,97,110,0.0012502092868089676
functional_annotations_pca,97,111,0.0012520409654825926
functional_annotations_pca,97,112,0.0012482593301683664
functional_annotations_pca,97,113,0.0012505261693149805
functional_annotations_pca,97,114,0.0012472295202314854
functional_annotations_pca,97,115,0.0012527198996394873
functional_annotations_pca,97,116,0.001245951745659113
functional_annotations_pca,97,117,0.0012462451122701168
functional_annotations_pca,97,118,0.0012465235777199268
functional_annotations_pca,97,119,0.0012530162930488586
cpgpt_large_locus,97,0,0.001434437232092023
cpgpt_large_locus,97,1,0.001392248785123229
cpgpt_large_locus,97,2,0.001397690735757351
cpgpt_large_locus,97,3,0.0013825453352183104
cpgpt_large_locus,97,4,0.0013810753589496017
cpgpt_large_locus,97,5,0.0013819878222420812
cpgpt_large_locus,97,6,0.001386104617267847
cpgpt_large_locus,97,7,0.001377296750433743
cpgpt_large_locus,97,8,0.0013815148267894983
cpgpt_large_locus,97,9,0.0013779383152723312
cpgpt_large_locus,97,10,0.0013800020096823573
cpgpt_large_locus,97,11,0.0013781639281660318
cpgpt_large_locus,97,12,0.0013789141084998846
cpgpt_large_locus,97,13,0.0013751962687820196
cpgpt_large_locus,97,14,0.0013765925541520119
cpgpt_large_locus,97,15,0.0013742221053689718
cpgpt_large_locus,97,16,0.001370638026855886
cpgpt_large_locus,97,17,0.0013785355258733034
cpgpt_large_locus,97,18,0.0013337236596271396
cpgpt_large_locus,97,19,0.0013311146758496761
cpgpt_large_locus,97,20,0.0013316500699147582
cpgpt_large_locus,97,21,0.001329639577306807
cpgpt_large_locus,97,22,0.001320074894465506
cpgpt_large_locus,97,23,0.001318729599006474
cpgpt_large_locus,97,24,0.0013216083170846105
cpgpt_large_locus,97,25,0.0013207418378442526
cpgpt_large_locus,97,26,0.0013151031453162432
cpgpt_large_locus,97,27,0.0013137288624420762
cpgpt_large_locus,97,28,0.0013140570372343063
cpgpt_large_locus,97,29,0.0013210154138505459
cpgpt_large_locus,97,30,0.001312949345447123
cpgpt_large_locus,97,31,0.001314385561272502
cpgpt_large_locus,97,32,0.001312239095568657
cpgpt_large_locus,97,33,0.0013155910419300199
cpgpt_large_locus,97,34,0.001316166017204523
cpgpt_large_locus,97,35,0.0013084257952868938
cpgpt_large_locus,97,36,0.0013139204820618033
cpgpt_large_locus,97,37,0.0013209694297984242
cpgpt_large_locus,97,38,0.0013087692204862833
cpgpt_large_locus,97,39,0.0013121714582666755
cpgpt_large_locus,97,40,0.0013076562900096178
cpgpt_large_locus,97,41,0.0013076136820018291
cpgpt_large_locus,97,42,0.0013182286638766527
cpgpt_large_locus,97,43,0.0013121176743879914
cpgpt_large_locus,97,44,0.001305575598962605
cpgpt_large_locus,97,45,0.0013085617683827877
cpgpt_large_locus,97,46,0.0013076820177957416
cpgpt_large_locus,97,47,0.0013085100799798965
cpgpt_large_locus,97,48,0.0013219095999374986
cpgpt_large_locus,97,49,0.0013140776427462697
cpgpt_large_locus,97,50,0.0013080533826723695
cpgpt_large_locus,97,51,0.001306223450228572
cpgpt_large_locus,97,52,0.0013097221963107586
cpgpt_large_locus,97,53,0.001303697470575571
cpgpt_large_locus,97,54,0.0013054984156042337
cpgpt_large_locus,97,55,0.0013069870183244348
cpgpt_large_locus,97,56,0.0013178709195926785
cpgpt_large_locus,97,57,0.0013071688590571284
cpgpt_large_locus,97,58,0.0013043899089097977
cpgpt_large_locus,97,59,0.0013017611345276237
cpgpt_large_locus,97,60,0.0013010728871449828
cpgpt_large_locus,97,61,0.0013031073613092303
cpgpt_large_locus,97,62,0.0013082363875582814
cpgpt_large_locus,97,63,0.0013032711576670408
cpgpt_large_locus,97,64,0.0013064094819128513
cpgpt_large_locus,97,65,0.0013039136538282037
cpgpt_large_locus,97,66,0.0013006327208131552
cpgpt_large_locus,97,67,0.0013074623420834541
cpgpt_large_locus,97,68,0.0013055650051683187
cpgpt_large_locus,97,69,0.0013005327200517058
cpgpt_large_locus,97,70,0.001298936433158815
cpgpt_large_locus,97,71,0.001297174021601677
cpgpt_large_locus,97,72,0.0012983103515580297
cpgpt_large_locus,97,73,0.0012985126813873649
cpgpt_large_locus,97,74,0.00130070757586509
cpgpt_large_locus,97,75,0.0013047850225120783
cpgpt_large_locus,97,76,0.0012949840165674686
cpgpt_large_locus,97,77,0.001301717828027904
cpgpt_large_locus,97,78,0.0013119745999574661
cpgpt_large_locus,97,79,0.0012986871879547834
cpgpt_large_locus,97,80,0.0013037556782364845
cpgpt_large_locus,97,81,0.0012967009097337723
cpgpt_large_locus,97,82,0.0012945146299898624
cpgpt_large_locus,97,83,0.0012932313838973641
cpgpt_large_locus,97,84,0.001297134323976934
cpgpt_large_locus,97,85,0.0012951536336913705
cpgpt_large_locus,97,86,0.0012965394416823983
cpgpt_large_locus,97,87,0.001295572379603982
cpgpt_large_locus,97,88,0.0012936684070155025
cpgpt_large_locus,97,89,0.0012937594437971711
cpgpt_large_locus,97,90,0.001292207045480609
cpgpt_large_locus,97,91,0.0012921115849167109
cpgpt_large_locus,97,92,0.0012932553654536605
cpgpt_large_locus,97,93,0.0012899263529106975
cpgpt_large_locus,97,94,0.0012992949923500419
cpgpt_large_locus,97,95,0.0012932380195707083
cpgpt_large_locus,97,96,0.0012914574472233653
cpgpt_large_locus,97,97,0.0012903135502710938
cpgpt_large_locus,97,98,0.001289090607315302
cpgpt_large_locus,97,99,0.0012900702422484756
cpgpt_large_locus,97,100,0.0012905905023217201
cpgpt_large_locus,97,101,0.0012954141711816192
cpgpt_large_locus,97,102,0.0012987585505470634
cpgpt_large_locus,97,103,0.0012906972551718354
cpgpt_large_locus,97,104,0.0012891552178189158
cpgpt_large_locus,97,105,0.001287540653720498
cpgpt_large_locus,97,106,0.0012864506570622325
cpgpt_large_locus,97,107,0.0012872018851339817
cpgpt_large_locus,97,108,0.001284052268601954
cpgpt_large_locus,97,109,0.0012942008906975389
cpgpt_large_locus,97,110,0.0012857106048613787
cpgpt_large_locus,97,111,0.0012819054536521435
cpgpt_large_locus,97,112,0.001293413806706667
cpgpt_large_locus,97,113,0.00128669454716146
cpgpt_large_locus,97,114,0.0012859846465289593
cpgpt_large_locus,97,115,0.001289108768105507
cpgpt_large_locus,97,116,0.0012786822626367211
cpgpt_large_locus,97,117,0.0012809735490009189
cpgpt_large_locus,97,118,0.00127800228074193
cpgpt_large_locus,97,119,0.0012812374625355005
deepcpg_dna_locus,97,0,0.0014352084835991263
deepcpg_dna_locus,97,1,0.001430545118637383
deepcpg_dna_locus,97,2,0.0014214811380952597
deepcpg_dna_locus,97,3,0.001391256577335298
deepcpg_dna_locus,97,4,0.001384260132908821
deepcpg_dna_locus,97,5,0.001385064097121358
deepcpg_dna_locus,97,6,0.0013906119856983423
deepcpg_dna_locus,97,7,0.0013826488284394145
deepcpg_dna_locus,97,8,0.0013834276469424367
deepcpg_dna_locus,97,9,0.0013837841106578708
deepcpg_dna_locus,97,10,0.0013851557159796357
deepcpg_dna_locus,97,11,0.0013809341471642256
deepcpg_dna_locus,97,12,0.001380360685288906
deepcpg_dna_locus,97,13,0.0013822625624015927
deepcpg_dna_locus,97,14,0.0013811367098242044
deepcpg_dna_locus,97,15,0.0013813982950523496
deepcpg_dna_locus,97,16,0.0013815632555633783
deepcpg_dna_locus,97,17,0.0013851398834958673
deepcpg_dna_locus,97,18,0.0013735113898292184
deepcpg_dna_locus,97,19,0.0013743023155257106
deepcpg_dna_locus,97,20,0.0013663917779922485
deepcpg_dna_locus,97,21,0.0013683205470442772
deepcpg_dna_locus,97,22,0.0013628466986119747
deepcpg_dna_locus,97,23,0.0013617295771837234
deepcpg_dna_locus,97,24,0.0013685133308172226
deepcpg_dna_locus,97,25,0.0013686035526916385
deepcpg_dna_locus,97,26,0.001362646115012467
deepcpg_dna_locus,97,27,0.0013606725260615349
deepcpg_dna_locus,97,28,0.0013581612147390842
deepcpg_dna_locus,97,29,0.0013636400690302253
deepcpg_dna_locus,97,30,0.0013625214342027903
deepcpg_dna_locus,97,31,0.0013660110998898745
deepcpg_dna_locus,97,32,0.0013583115069195628
deepcpg_dna_locus,97,33,0.0013555728364735842
deepcpg_dna_locus,97,34,0.0013620593817904592
deepcpg_dna_locus,97,35,0.001361656584776938
deepcpg_dna_locus,97,36,0.0013593730982393026
deepcpg_dna_locus,97,37,0.001361715723760426
deepcpg_dna_locus,97,38,0.001358000561594963
deepcpg_dna_locus,97,39,0.0013567672576755285
deepcpg_dna_locus,97,40,0.001354641979560256
deepcpg_dna_locus,97,41,0.0013538793427869678
deepcpg_dna_locus,97,42,0.0013566776178777218
deepcpg_dna_locus,97,43,0.0013561618980020285
deepcpg_dna_locus,97,44,0.0013561575906351209
deepcpg_dna_locus,97,45,0.0013604667037725449
deepcpg_dna_locus,97,46,0.0013577159261330962
deepcpg_dna_locus,97,47,0.0013582130195572972
deepcpg_dna_locus,97,48,0.0013564851833507419
deepcpg_dna_locus,97,49,0.0013578751822933555
deepcpg_dna_locus,97,50,0.0013565832050517201
deepcpg_dna_locus,97,51,0.0013576113851740956
deepcpg_dna_locus,97,52,0.0013608415611088276
deepcpg_dna_locus,97,53,0.0013584038242697716
deepcpg_dna_locus,97,54,0.0013542069355025887
deepcpg_dna_locus,97,55,0.0013554500183090568
deepcpg_dna_locus,97,56,0.0013622103724628687
deepcpg_dna_locus,97,57,0.0013533516321331263
deepcpg_dna_locus,97,58,0.0013543545501306653
deepcpg_dna_locus,97,59,0.0013510866556316614
deepcpg_dna_locus,97,60,0.0013532855082303286
deepcpg_dna_locus,97,61,0.001354045933112502
deepcpg_dna_locus,97,62,0.0013534205500036478
deepcpg_dna_locus,97,63,0.0013536233454942703
deepcpg_dna_locus,97,64,0.0013538678176701069
deepcpg_dna_locus,97,65,0.0013552543241530657
deepcpg_dna_locus,97,66,0.0013592586619779468
deepcpg_dna_locus,97,67,0.0013519895728677511
deepcpg_dna_locus,97,68,0.0013546590926125646
deepcpg_dna_locus,97,69,0.001353263622149825
deepcpg_dna_locus,97,70,0.0013528441777452826
deepcpg_dna_locus,97,71,0.0013560885563492775
deepcpg_dna_locus,97,72,0.0013605953427031636
deepcpg_dna_locus,97,73,0.0013586115092039108
deepcpg_dna_locus,97,74,0.0013533465098589659
deepcpg_dna_locus,97,75,0.0013533167075365782
deepcpg_dna_locus,97,76,0.0013572677271440625
deepcpg_dna_locus,97,77,0.0013559965882450342
deepcpg_dna_locus,97,78,0.0013533402234315872
deepcpg_dna_locus,97,79,0.0013576704077422619
deepcpg_dna_locus,97,80,0.0013642373960465193
deepcpg_dna_locus,97,81,0.001352320541627705
deepcpg_dna_locus,97,82,0.0013499538181349635
deepcpg_dna_locus,97,83,0.0013524485984817147
deepcpg_dna_locus,97,84,0.001352539286017418
deepcpg_dna_locus,97,85,0.0013521321816369891
deepcpg_dna_locus,97,86,0.0013522917870432138
deepcpg_dna_locus,97,87,0.001351734041236341
deepcpg_dna_locus,97,88,0.0013503461377695203
deepcpg_dna_locus,97,89,0.001353725790977478
deepcpg_dna_locus,97,90,0.0013507369440048933
deepcpg_dna_locus,97,91,0.001349816913716495
deepcpg_dna_locus,97,92,0.0013514707097783685
deepcpg_dna_locus,97,93,0.0013501773355528712
deepcpg_dna_locus,97,94,0.0013507688418030739
deepcpg_dna_locus,97,95,0.0013567116111516953
deepcpg_dna_locus,97,96,0.0013517934130504727
deepcpg_dna_locus,97,97,0.001350266276858747
deepcpg_dna_locus,97,98,0.00135503348428756
deepcpg_dna_locus,97,99,0.001352272229269147
deepcpg_dna_locus,97,100,0.001350631471723318
deepcpg_dna_locus,97,101,0.0013499540509656072
deepcpg_dna_locus,97,102,0.0013568082358688116
deepcpg_dna_locus,97,103,0.0013538459315896034
deepcpg_dna_locus,97,104,0.0013548643328249454
deepcpg_dna_locus,97,105,0.0013497910695150495
deepcpg_dna_locus,97,106,0.001350705511868
deepcpg_dna_locus,97,107,0.0013505928218364716
deepcpg_dna_locus,97,108,0.0013519275235012174
deepcpg_dna_locus,97,109,0.0013507900293916464
deepcpg_dna_locus,97,110,0.0013505879323929548
deepcpg_dna_locus,97,111,0.0013494383310899138
deepcpg_dna_locus,97,112,0.0013536754995584488
deepcpg_dna_locus,97,113,0.0013512924779206514
deepcpg_dna_locus,97,114,0.0013576429337263107
deepcpg_dna_locus,97,115,0.0013500625500455499
deepcpg_dna_locus,97,116,0.0013502041110768914
deepcpg_dna_locus,97,117,0.0013506609247997403
deepcpg_dna_locus,97,118,0.0013489136472344398
deepcpg_dna_locus,97,119,0.0013537027407437563
