variant,block,comparator,seed,relative_pct,ci_lo_pct,ci_hi_pct
B-strict,secondary,deepcpg_dna_locus,17,135.62781381107294,125.16534421835748,145.97581852536143
B-strict,secondary,deepcpg_dna_locus,42,136.39005485758366,126.13496469098844,146.62719614462637
B-strict,secondary,deepcpg_dna_locus,97,136.71468635966798,126.71639755282338,147.02440660903662
B-strict,primary,cpgpt_large_locus,17,1.9076285766987,-1.85999491361451,5.91887646916209
B-strict,primary,cpgpt_large_locus,42,4.67024259532961,0.56846265180873,8.70256286732027
B-strict,primary,cpgpt_large_locus,97,2.49293600348944,-1.16607923405376,6.34791727142086
B-recalibrated,secondary,deepcpg_dna_locus,17,5.59452548824856,1.68219983931777,9.92355641187243
B-recalibrated,secondary,deepcpg_dna_locus,42,4.0042749260858805,0.67846214782825,7.655990193648029
B-recalibrated,secondary,deepcpg_dna_locus,97,8.43508313364349,4.49089413746745,12.759994978705368
B-recalibrated,primary,cpgpt_large_locus,17,4.31680564344514,1.98198366569499,6.789367558431921
B-recalibrated,primary,cpgpt_large_locus,42,-1.63902642454472,-3.4859562676699105,0.27731902748996
B-recalibrated,primary,cpgpt_large_locus,97,-0.49002061040185,-2.89986386963055,2.1455534546749
