variant,arm,seed,mask_fraction,mse,mae,mas_pcc,mac_pcc
B-strict,regulatory_histone_dnase,17,0.15,0.0066027892753481,0.0519194155931472,0.9767713325845312,0.1345111456401308
B-strict,regulatory_histone_dnase,17,0.3,0.0065991408191621,0.052122239023447,0.9767908095621238,0.1779947853906868
B-strict,regulatory_histone_dnase,17,0.5,0.0065944772213697,0.0518074817955493,0.9768377395631346,0.1571030431968117
B-strict,regulatory_histone_dnase,17,0.7,0.006628124974668,0.0522883385419845,0.976767005615262,0.129268774923111
B-strict,regulatory_histone_dnase,17,0.9,0.0068554561585187,0.0529827177524566,0.976001084048894,0.0878572542111404
B-strict,regulatory_histone_dnase,42,0.15,0.0065124938264489,0.0516737103462219,0.9770415276570034,0.23202123273669
B-strict,regulatory_histone_dnase,42,0.3,0.0065329042263329,0.051952201873064,0.9769599777817476,0.1916233762458473
B-strict,regulatory_histone_dnase,42,0.5,0.0065655945800244,0.0517616309225559,0.9769070717573752,0.1750677779499025
B-strict,regulatory_histone_dnase,42,0.7,0.0065356120467185,0.052017007023096,0.977050010633207,0.1560715339951247
B-strict,regulatory_histone_dnase,42,0.9,0.0068231159821152,0.0530428923666477,0.976091345463588,0.1067613569695482
B-strict,regulatory_histone_dnase,97,0.15,0.0065858229063451,0.0516485273838043,0.97677944829062,0.1712302559257759
B-strict,regulatory_histone_dnase,97,0.3,0.006507952697575,0.0515239872038364,0.977052531579584,0.2247943351936727
B-strict,regulatory_histone_dnase,97,0.5,0.0065617784857749,0.0514854155480861,0.9769002030284196,0.187361642028758
B-strict,regulatory_histone_dnase,97,0.7,0.006583132315427,0.0519189536571502,0.9768738528964144,0.1409465973047813
B-strict,regulatory_histone_dnase,97,0.9,0.0069382321089506,0.0530437678098678,0.9757061260060784,0.115773912206769
B-strict,cpgpt_large_locus,17,0.15,0.006994592025876,0.0538709014654159,0.9755669771772956,0.2078255016335404
B-strict,cpgpt_large_locus,17,0.3,0.0066986451856791,0.0529621168971061,0.9767143284728714,0.1833463337231043
B-strict,cpgpt_large_locus,17,0.5,0.0067202756181359,0.0530285239219665,0.976643950635962,0.1524095898332112
B-strict,cpgpt_large_locus,17,0.7,0.0067810341715812,0.0531692989170551,0.976448133040268,0.1325707523485916
B-strict,cpgpt_large_locus,17,0.9,0.0069286688230931,0.0538608618080616,0.9758533524467377,0.1089337814809646
B-strict,cpgpt_large_locus,42,0.15,0.0072226668708026,0.0546321719884872,0.9748423136565616,0.1707253785604654
B-strict,cpgpt_large_locus,42,0.3,0.0068699773401021,0.0535958670079708,0.976176406562285,0.15946203921264
B-strict,cpgpt_large_locus,42,0.5,0.0068722241558134,0.0537888407707214,0.9761495176508148,0.1560192338866728
B-strict,cpgpt_large_locus,42,0.7,0.0069275870919227,0.0540703497827053,0.9759657463700132,0.1320700750245667
B-strict,cpgpt_large_locus,42,0.9,0.0070015108212828,0.0543196648359298,0.9756146846436676,0.1039944520288288
B-strict,cpgpt_large_locus,97,0.15,0.0069614476524293,0.0537110716104507,0.97555561479823,0.1500194487593816
B-strict,cpgpt_large_locus,97,0.3,0.0067719742655754,0.0532803460955619,0.9762878553915064,0.1666171423631753
B-strict,cpgpt_large_locus,97,0.5,0.0067253592424094,0.0532086975872516,0.9764640771220972,0.1547127702723101
B-strict,cpgpt_large_locus,97,0.7,0.0067647383548319,0.0534678287804126,0.976358690047034,0.1312542849172821
B-strict,cpgpt_large_locus,97,0.9,0.0070268949493765,0.0544987060129642,0.9754494516434546,0.0901438016289846
B-strict,deepcpg_dna_locus,17,0.15,0.0160190407186746,0.0792730152606964,0.942651677841214,0.1664623776296272
B-strict,deepcpg_dna_locus,17,0.3,0.0155438259243965,0.0781629309058189,0.9444597391681036,0.109257422000388
B-strict,deepcpg_dna_locus,17,0.5,0.015538421459496,0.0779922977089881,0.944539742157364,0.10786072567151
B-strict,deepcpg_dna_locus,17,0.7,0.0154314124956727,0.0784418061375618,0.9450826081735676,0.1051651328654561
B-strict,deepcpg_dna_locus,17,0.9,0.0157003980129957,0.0790838450193405,0.9442509615559324,0.0772183759646806
B-strict,deepcpg_dna_locus,42,0.15,0.0160208661109209,0.0794009715318679,0.9425794357278868,0.1647895065736556
B-strict,deepcpg_dna_locus,42,0.3,0.0155466850847005,0.0782562121748924,0.9443525646075897,0.1061857688538469
B-strict,deepcpg_dna_locus,42,0.5,0.0155204134061932,0.0780311226844787,0.9445370659181144,0.1117155805624592
B-strict,deepcpg_dna_locus,42,0.7,0.0154553754255175,0.078590877354145,0.9448845940388058,0.094252272504152
B-strict,deepcpg_dna_locus,42,0.9,0.0157325118780136,0.0793066993355751,0.9439514331642984,0.0784099033484461
B-strict,deepcpg_dna_locus,97,0.15,0.0160733629018068,0.0796212032437324,0.9424555363866178,0.1365628477106743
B-strict,deepcpg_dna_locus,97,0.3,0.0155797097831964,0.0784009769558906,0.944314219321818,0.1030237847900602
B-strict,deepcpg_dna_locus,97,0.5,0.0155326919630169,0.0781399682164192,0.9445608273303367,0.1002197318426104
B-strict,deepcpg_dna_locus,97,0.7,0.0154781583696603,0.0787213891744613,0.9448847325233016,0.1091789308485465
B-strict,deepcpg_dna_locus,97,0.9,0.0156968552619218,0.0792322978377342,0.9441393072650712,0.0769642151399491
B-recalibrated,regulatory_histone_dnase,17,0.15,0.0016812065150588,0.0246003363281488,0.9941501602042504,0.2030806576041536
B-recalibrated,regulatory_histone_dnase,17,0.3,0.0015477483393624,0.0241778958588838,0.994613881103837,0.172032582579869
B-recalibrated,regulatory_histone_dnase,17,0.5,0.0015765733551234,0.0242555197328329,0.9945369429709496,0.1897039841923405
B-recalibrated,regulatory_histone_dnase,17,0.7,0.0016061331843957,0.0244688037782907,0.9944428875728304,0.1771102395913958
B-recalibrated,regulatory_histone_dnase,17,0.9,0.0016693996731191,0.0252139940857887,0.9942739167109408,0.1564794150070309
B-recalibrated,regulatory_histone_dnase,42,0.15,0.0016762418672442,0.0245442818850278,0.9941530310879528,0.1865730306219979
B-recalibrated,regulatory_histone_dnase,42,0.3,0.00153687922284,0.0241231638938188,0.9946355800460231,0.2021844880381964
B-recalibrated,regulatory_histone_dnase,42,0.5,0.0015784141141921,0.0242545027285814,0.9945140283549386,0.1946969360996303
B-recalibrated,regulatory_histone_dnase,42,0.7,0.00159948610235,0.024451695382595,0.9944552472216488,0.1794919436257817
B-recalibrated,regulatory_histone_dnase,42,0.9,0.0016535239992663,0.0250309240072965,0.9943044775084924,0.1493675338768079
B-recalibrated,regulatory_histone_dnase,97,0.15,0.0016640925314277,0.0246310103684663,0.9942473908971574,0.166331436583993
B-recalibrated,regulatory_histone_dnase,97,0.3,0.0015238089254125,0.0242406111210584,0.9947451094701154,0.1813893175031874
B-recalibrated,regulatory_histone_dnase,97,0.5,0.0015661042416468,0.0243223719298839,0.9946132179781682,0.1954419475608995
B-recalibrated,regulatory_histone_dnase,97,0.7,0.0015960175078362,0.0246045812964439,0.9945137504451884,0.1735145398818651
B-recalibrated,regulatory_histone_dnase,97,0.9,0.0016700216801837,0.025393359363079,0.994305980333606,0.1467473125480198
B-recalibrated,cpgpt_large_locus,17,0.15,0.0017567436443641,0.0250253807753324,0.9939576046968776,0.2189787654457725
B-recalibrated,cpgpt_large_locus,17,0.3,0.001606622012332,0.0244470071047544,0.9944771275646728,0.2212871707599476
B-recalibrated,cpgpt_large_locus,17,0.5,0.0016446310328319,0.0246925372630357,0.9943697109945412,0.1958716479371866
B-recalibrated,cpgpt_large_locus,17,0.7,0.0016765359323471,0.0247951764613389,0.994278699993873,0.1785343574230033
B-recalibrated,cpgpt_large_locus,17,0.9,0.0016941654030233,0.0251193046569824,0.9942431923595306,0.1717446007908374
B-recalibrated,cpgpt_large_locus,42,0.15,0.0016810565721243,0.0243784021586179,0.994183384273908,0.241524357488648
B-recalibrated,cpgpt_large_locus,42,0.3,0.0015199811896309,0.0238123591989278,0.99474515699218,0.2172229300627036
B-recalibrated,cpgpt_large_locus,42,0.5,0.0015525433700531,0.0238874182105064,0.9946501843993864,0.1821330329544538
B-recalibrated,cpgpt_large_locus,42,0.7,0.0015904285246506,0.0241846274584531,0.9945419439037058,0.1646933126621099
B-recalibrated,cpgpt_large_locus,42,0.9,0.0016277380054816,0.0246757417917251,0.9944620637815156,0.1593005124278352
B-recalibrated,cpgpt_large_locus,97,0.15,0.0016658700769767,0.0242520589381456,0.9942365354782184,0.1657184418903335
B-recalibrated,cpgpt_large_locus,97,0.3,0.0015212732832878,0.0238026455044746,0.994753991691958,0.1996191243590908
B-recalibrated,cpgpt_large_locus,97,0.5,0.0015584300272166,0.0239385720342397,0.9946294737068704,0.1803997579284047
B-recalibrated,cpgpt_large_locus,97,0.7,0.0015712523600086,0.0239948518574237,0.9945963233479548,0.1768177320294076
B-recalibrated,cpgpt_large_locus,97,0.9,0.0016272439388558,0.0247774124145507,0.9944592243468938,0.149544657944348
B-recalibrated,deepcpg_dna_locus,17,0.15,0.001743197441101,0.0253595113754272,0.9941143851325086,0.1919895297665241
B-recalibrated,deepcpg_dna_locus,17,0.3,0.0016459280159324,0.0251550190150737,0.9944765757890152,0.157867842841185
B-recalibrated,deepcpg_dna_locus,17,0.5,0.0016647750744596,0.025160688906908,0.9944025352311692,0.1483328431088353
B-recalibrated,deepcpg_dna_locus,17,0.7,0.0016751069342717,0.0252425577491521,0.9943838967837404,0.1619608933932795
B-recalibrated,deepcpg_dna_locus,17,0.9,0.0016810735687613,0.0254519861191511,0.9944136405468826,0.1363643312685273
B-recalibrated,deepcpg_dna_locus,42,0.15,0.001722190529108,0.0252429489046335,0.9942282983777948,0.1704342744658201
B-recalibrated,deepcpg_dna_locus,42,0.3,0.0016130983131006,0.0248393025249242,0.9946176985724556,0.1805708595990969
B-recalibrated,deepcpg_dna_locus,42,0.5,0.0016416180878877,0.0249821450561285,0.9945302016661726,0.150029680864296
B-recalibrated,deepcpg_dna_locus,42,0.7,0.0016496614553034,0.0250407811254262,0.9945125480053566,0.1417505971453005
B-recalibrated,deepcpg_dna_locus,42,0.9,0.0016561577795073,0.0252461954951286,0.99453118621462,0.1247973463393829
B-recalibrated,deepcpg_dna_locus,97,0.15,0.0017772789578884,0.0257402714341878,0.9940923562803056,0.1281055029083893
B-recalibrated,deepcpg_dna_locus,97,0.3,0.0016632351325824,0.0253533422946929,0.9945024014118397,0.1590918808597198
B-recalibrated,deepcpg_dna_locus,97,0.5,0.0016982064116746,0.025521770119667,0.9943956117301704,0.1457289012404225
B-recalibrated,deepcpg_dna_locus,97,0.7,0.0016964330570772,0.0255045313388109,0.9944025883487384,0.1356236806075128
B-recalibrated,deepcpg_dna_locus,97,0.9,0.0017114109359681,0.0257553048431873,0.9943983797878262,0.1164155716090984
