endpoint,arm,value,ci_lo,ci_hi
loyfer_profile,regulatory_histone_dnase_v1,-0.0627924534563434,-0.0723780583980825,-0.0533516418578473
loyfer_profile,functional_annotations_pca,-0.0381383147690143,-0.0459357622348961,-0.0300824874614367
loyfer_profile,cpgpt_large_locus,0.1064766427636588,0.1010095922172418,0.1121060530499148
loyfer_profile,deepcpg_dna_locus,0.1154555687008892,0.1079085881941399,0.1220289548669202
microc_H1_intra10kb,regulatory_histone_dnase_v1,0.5684567253539629,0.5598239347072415,0.578033143408412
microc_H1_intra10kb,functional_annotations_pca,0.5676405271792344,0.5597712842018905,0.576617449884923
microc_H1_intra10kb,cpgpt_large_locus,0.5314451543713142,0.5272451806626763,0.5347955555656384
microc_H1_intra10kb,deepcpg_dna_locus,0.5024592047313597,0.4991320459675343,0.5051420881374742
fantom5_membership,regulatory_histone_dnase_v1,0.8330058991738545,0.8255295229269338,0.8395554890855499
fantom5_membership,functional_annotations_pca,0.8496788920039745,0.8417834300266255,0.8576302374933613
fantom5_membership,cpgpt_large_locus,0.7008207492687842,0.6929002813729233,0.710700481044102
fantom5_membership,deepcpg_dna_locus,0.6228563346379374,0.6107233515681214,0.6347789142122249
rt_consensus,regulatory_histone_dnase_v1,0.7031356576164252,0.6837196857308532,0.7169098777751505
rt_consensus,functional_annotations_pca,0.718015149288061,0.6994127975038889,0.731098398216555
rt_consensus,cpgpt_large_locus,0.4863894095995796,0.456182101554874,0.5129028503310143
rt_consensus,deepcpg_dna_locus,0.3593548382824478,0.3195562796528242,0.4021515146477058
