arm,geometry,delta,ci_lo,ci_hi,p,B_eff
regulatory_histone_dnase_v1,centered_cosine,0.1895818508566911,0.177633521819271,0.1995793398209587,0.0019980019980019,1000
regulatory_histone_dnase_v1,pc1_removed_cosine,0.1376266388496828,0.1264081918273474,0.1488462434896457,0.0019980019980019,1000
regulatory_histone_dnase_v1,neg_euclidean,0.2124515856050461,0.2005371785958207,0.2224554644037288,0.0019980019980019,1000
functional_annotations_pca,centered_cosine,0.1752020601326646,0.1654879508475583,0.1835383445390928,0.0019980019980019,1000
functional_annotations_pca,pc1_removed_cosine,0.1232688555974295,0.1139817263679974,0.1327641261938652,0.0019980019980019,1000
functional_annotations_pca,neg_euclidean,0.1987365235168281,0.1893226107960428,0.2071461756950264,0.0019980019980019,1000
cpgpt_large_locus,centered_cosine,-0.0102097494685547,-0.0108097811535735,-0.0096408553760042,0.0019980019980019,1000
cpgpt_large_locus,pc1_removed_cosine,-0.0289437519544325,-0.0315237636909787,-0.026755019695777,0.0019980019980019,1000
cpgpt_large_locus,neg_euclidean,-0.0701372864544462,-0.0749706492904465,-0.0658679000054028,0.0019980019980019,1000
deepcpg_dna_locus,centered_cosine,0.0030409429220329,0.0006991658414146,0.0049726649688114,0.0079920079920079,1000
deepcpg_dna_locus,pc1_removed_cosine,-0.0390347831780761,-0.0424826553780148,-0.0358260924374974,0.0019980019980019,1000
deepcpg_dna_locus,neg_euclidean,0.0049879857496893,0.0035778267140432,0.006456776563339,0.0019980019980019,1000
