arm,target,subset,r2_global,r2_macro
regulatory_histone_dnase_v1,raw,all_cpgs,0.7763979001243837,0.7760232783024625
regulatory_histone_dnase_v1,raw,variable_cpgs,0.4716690005918107,0.473206874512673
regulatory_histone_dnase_v1,centered,all_cpgs,0.2446259759916963,0.2365904889557866
regulatory_histone_dnase_v1,centered,variable_cpgs,0.2793307981361379,0.2720363347171716
regulatory_histone_dnase_v1,level,all_cpgs,0.8622029163048947,0.8622029163048947
regulatory_histone_dnase_v1,level,variable_cpgs,0.6028464329779379,0.6028464329779379
functional_annotations_pca,raw,all_cpgs,0.7851450473973437,0.7847716545615536
functional_annotations_pca,raw,variable_cpgs,0.4842272764186498,0.4859150503339541
functional_annotations_pca,centered,all_cpgs,0.2436378523873132,0.2354542847077023
functional_annotations_pca,centered,variable_cpgs,0.2783443620186775,0.2709597521356453
functional_annotations_pca,level,all_cpgs,0.8725213581088221,0.8725213581088221
functional_annotations_pca,level,variable_cpgs,0.624716973458366,0.624716973458366
cpgpt_large_locus,raw,all_cpgs,0.5436025362221257,0.5434651023005349
cpgpt_large_locus,raw,variable_cpgs,0.1002963154815586,0.1008121559897471
cpgpt_large_locus,centered,all_cpgs,0.0388248120206893,0.0358855628947893
cpgpt_large_locus,centered,variable_cpgs,0.0314263985549109,0.0291565877171801
cpgpt_large_locus,level,all_cpgs,0.6250823438011558,0.6250823438011558
cpgpt_large_locus,level,variable_cpgs,0.1471691020165645,0.1471691020165645
deepcpg_dna_locus,raw,all_cpgs,0.5035506802165184,0.5029350781395874
deepcpg_dna_locus,raw,variable_cpgs,0.1053947118087295,0.1058347202332043
deepcpg_dna_locus,centered,all_cpgs,0.022969756540594,0.0216527191330419
deepcpg_dna_locus,centered,variable_cpgs,0.0090216674885363,0.0089011929262662
deepcpg_dna_locus,level,all_cpgs,0.5810956773286469,0.5810956773286469
deepcpg_dna_locus,level,variable_cpgs,0.1713019789573791,0.1713019789573791
