arm,family,seed,rel_pct,lo,hi,n_patients,n_blocks
drop/dense/ccre,dense,17,-0.10887841299484001,-0.28924182192759673,0.07113187283215314,918,2687
cluster_representatives,redundancy,17,-0.10077006777845,-0.2806653082725931,0.08083213793310612,918,2687
drop/dense/breadth,dense,17,-0.004794374719613466,-0.1564494985500453,0.14653155973588075,918,2687
drop/dense/context,dense,17,0.01131540282317,-0.1564543758661427,0.17623575625223029,918,2687
drop/biosample_class/in vitro differentiated cells,biosample_class,17,0.04733413128191,-0.16019662147789832,0.244677901407309,918,2687
drop/assay/TF ChIP-seq,assay,17,0.26964220640981,0.07011416989229949,0.49657424915209136,918,2687
drop/assay/DNase-seq,assay,17,1.19365975844372,0.9258738844182806,1.4564384025587553,918,2687
drop/biosample_class/primary cell,biosample_class,17,1.7473324567939201,1.4328909764427153,2.053637656813271,918,2687
add/assay/Histone ChIP-seq,assay,17,2.08144309791087,1.8114525884912178,2.3864616065247426,918,2687
drop/biosample_class/cell line,biosample_class,17,2.1301627000688597,1.821312674089265,2.4266685358291946,918,2687
drop/biosample_class/tissue,biosample_class,17,2.44608117029168,2.1123522671250567,2.8027212567030992,918,2687
balanced_assays/97,coverage_control,17,2.45788113422238,2.1677339461484992,2.748963899465781,918,2687
balanced_assays/17,coverage_control,17,2.64172334634638,2.325983631199748,2.94755575889001,918,2687
balanced_assays/42,coverage_control,17,3.0410304769888303,2.6972838305988263,3.3671036553939473,918,2687
add/biosample_class/tissue,biosample_class,17,6.13408063388974,5.6415259367179935,6.616553910314519,918,2687
add/biosample_class/cell line,biosample_class,17,6.319804705675621,5.78332080864595,6.910983174839111,918,2687
control/histone_prevalence_matched,coverage_control,17,6.37179913268868,5.8949343225822775,6.872061058635411,918,2687
add/biosample_class/primary cell,biosample_class,17,7.99467373068469,7.4123733309206035,8.585489603145318,918,2687
drop_preserve_breadth/assay/Histone ChIP-seq,assay,17,9.28878513026238,8.684660277956677,9.86187074859181,918,2687
drop/assay/Histone ChIP-seq,assay,17,9.60086812722697,8.98883589900146,10.186545885103882,918,2687
control/non_histone_prevalence_matched,coverage_control,17,10.44218135624113,9.834097362103853,11.056501311186482,918,2687
add/target/H3K4me3,target,17,11.65164227157598,10.973203559900243,12.327708299141692,918,2687
only/target/H3K4me3,target,17,12.258041965297819,11.55007966170918,12.942469486015753,918,2687
add/assay/TF ChIP-seq,assay,17,13.265431455108631,12.510444604377804,14.032323871670723,918,2687
add/biosample_class/in vitro differentiated cells,biosample_class,17,13.521283788993571,12.723535164342534,14.33928650047168,918,2687
add/assay/DNase-seq,assay,17,13.858754436817842,13.076179890612968,14.611006204872593,918,2687
fm/cpgpt_locus_large,fm_control,17,14.10406283682246,13.33348776051717,14.908084685669307,918,2687
breadth_only,control,17,23.73644651084115,22.45826866527727,25.05351669938154,918,2687
fm/deepcpg_dna_locus,fm_control,17,25.646829690780187,24.286769215773447,27.005665648671553,918,2687
context_only,control,17,27.416151403367028,26.021109022885664,28.80837697057002,918,2687
