arm,seed,mse
context_only,17,0.0199351254850626
full,17,0.015607938170433
full,42,0.0156096685677766
full,97,0.0156057309359312
context_only,42,0.0199398975819349
context_only,97,0.0199330132454633
add/assay/Histone ChIP-seq,17,0.0159510169178247
add/assay/Histone ChIP-seq,42,0.0159863997250795
add/assay/Histone ChIP-seq,97,0.0159534439444541
only/target/H3K4me3,17,0.0175060629844665
only/target/H3K4me3,42,0.0174931250512599
only/target/H3K4me3,97,0.0175150819122791
add/target/H3K4me3,17,0.0174060519784688
add/target/H3K4me3,42,0.0173882339149713
add/target/H3K4me3,97,0.0173892099410295
