feature_set,component,cumulative_energy
regulatory_clean,1,0.44832594703280043
regulatory_clean,2,0.5080846607366875
regulatory_clean,3,0.5511604505472392
regulatory_clean,4,0.5720287524644627
regulatory_clean,5,0.5873161802307039
regulatory_clean,6,0.5997299736345628
regulatory_clean,7,0.610157892226514
regulatory_clean,8,0.6187577725856115
regulatory_clean,9,0.6256560675690098
regulatory_clean,10,0.6311874114257104
regulatory_clean,11,0.6359875614205872
regulatory_clean,12,0.6404771986142933
regulatory_clean,13,0.6443593477158088
regulatory_clean,14,0.6476187733101376
regulatory_clean,15,0.6506152070832449
regulatory_clean,16,0.6533922406602594
regulatory_clean,17,0.6560921030751574
regulatory_clean,18,0.658588259010203
regulatory_clean,19,0.6610050493309173
regulatory_clean,20,0.663141719193833
regulatory_clean,21,0.6652703359769327
regulatory_clean,22,0.6672550087660957
regulatory_clean,23,0.669166897438678
regulatory_clean,24,0.670982382860821
regulatory_clean,25,0.6726831983452305
regulatory_clean,26,0.6743315777517094
regulatory_clean,27,0.6758809845715292
regulatory_clean,28,0.6774044786856167
regulatory_clean,29,0.6788774254351888
regulatory_clean,30,0.6802819135692435
regulatory_clean,31,0.6816380466008432
regulatory_clean,32,0.6829453371331049
regulatory_clean,33,0.6842086954205264
regulatory_clean,34,0.68543975338591
regulatory_clean,35,0.6866253752179695
regulatory_clean,36,0.6877598807998724
regulatory_clean,37,0.6888551023840664
regulatory_clean,38,0.6899422895088327
regulatory_clean,39,0.691019504188465
regulatory_clean,40,0.6920735067864752
regulatory_clean,41,0.6930550445453242
regulatory_clean,42,0.6940309204759011
regulatory_clean,43,0.6949691003376594
regulatory_clean,44,0.6958948684727987
regulatory_clean,45,0.6967900241133096
regulatory_clean,46,0.6976730979391771
regulatory_clean,47,0.69854056331021
regulatory_clean,48,0.6993967531011365
regulatory_clean,49,0.7002327334362497
regulatory_clean,50,0.7010514885441983
regulatory_clean,51,0.7018550648048046
regulatory_clean,52,0.7026369335775443
regulatory_clean,53,0.7034154252147221
regulatory_clean,54,0.7041723567136491
regulatory_clean,55,0.7049117250746423
regulatory_clean,56,0.7056356553705793
regulatory_clean,57,0.7063524910987647
regulatory_clean,58,0.7070553421570198
regulatory_clean,59,0.7077409369697981
regulatory_clean,60,0.7084212429156923
regulatory_clean,61,0.7090865308609717
regulatory_clean,62,0.7097423915912829
regulatory_clean,63,0.7103946439924919
regulatory_clean,64,0.711038093909668
regulatory_clean,65,0.7116691406596682
regulatory_clean,66,0.7122910022794615
regulatory_clean,67,0.712895073147779
regulatory_clean,68,0.7134968835894682
regulatory_clean,69,0.7140890381469374
regulatory_clean,70,0.7146662935243205
regulatory_clean,71,0.7152357037877524
regulatory_clean,72,0.7158015509800114
regulatory_clean,73,0.7163627152620224
regulatory_clean,74,0.7169179490810512
regulatory_clean,75,0.7174678589968119
regulatory_clean,76,0.7180111185223625
regulatory_clean,77,0.7185482923619109
regulatory_clean,78,0.7190755767418415
regulatory_clean,79,0.7195973586294635
regulatory_clean,80,0.7201116412443437
regulatory_clean,81,0.7206235745668017
regulatory_clean,82,0.7211247206168878
regulatory_clean,83,0.7216251019569057
regulatory_clean,84,0.7221221824241543
regulatory_clean,85,0.722612084067281
regulatory_clean,86,0.7230955812902209
regulatory_clean,87,0.7235712956038732
regulatory_clean,88,0.7240443081662712
regulatory_clean,89,0.724514415979163
regulatory_clean,90,0.7249790835776186
regulatory_clean,91,0.7254406417941077
regulatory_clean,92,0.7258963169808585
regulatory_clean,93,0.7263477291858051
regulatory_clean,94,0.7267981077068031
regulatory_clean,95,0.7272420979445927
regulatory_clean,96,0.7276804956039943
regulatory_clean,97,0.7281128906774978
regulatory_clean,98,0.7285433290668539
regulatory_clean,99,0.7289706171785781
regulatory_clean,100,0.7293958148803052
regulatory_clean,101,0.7298147645427842
regulatory_clean,102,0.7302292916979232
regulatory_clean,103,0.7306402801245505
regulatory_clean,104,0.7310496680173648
regulatory_clean,105,0.7314548245242696
regulatory_clean,106,0.7318551771032686
regulatory_clean,107,0.7322511123504915
regulatory_clean,108,0.7326440693288427
regulatory_clean,109,0.733034852883953
regulatory_clean,110,0.7334223739277522
regulatory_clean,111,0.7338067125787225
regulatory_clean,112,0.7341873006530459
regulatory_clean,113,0.734566276028665
regulatory_clean,114,0.7349381200112289
regulatory_clean,115,0.7353082865250282
regulatory_clean,116,0.7356769815896436
regulatory_clean,117,0.7360437791612761
regulatory_clean,118,0.7364062644261856
regulatory_clean,119,0.7367667470002938
regulatory_clean,120,0.7371253102554862
regulatory_clean,121,0.7374798144512512
regulatory_clean,122,0.7378318033770876
regulatory_clean,123,0.7381831623748317
regulatory_clean,124,0.7385331928867709
regulatory_clean,125,0.7388796904445124
regulatory_clean,126,0.7392243744704271
regulatory_clean,127,0.7395682253706987
regulatory_clean,128,0.7399098634460225
regulatory_clean,129,0.740250289296897
regulatory_clean,130,0.7405870852649893
regulatory_clean,131,0.740921524068765
regulatory_clean,132,0.741251347987171
regulatory_clean,133,0.7415806255663868
regulatory_clean,134,0.7419075952158606
regulatory_clean,135,0.742233860895871
regulatory_clean,136,0.7425580282519596
regulatory_clean,137,0.7428793573995351
regulatory_clean,138,0.7431976761973165
regulatory_clean,139,0.7435150347348634
regulatory_clean,140,0.7438307134497499
regulatory_clean,141,0.744145217930222
regulatory_clean,142,0.7444565798310673
regulatory_clean,143,0.7447659168060468
regulatory_clean,144,0.7450731826289638
regulatory_clean,145,0.7453777968309141
regulatory_clean,146,0.7456804296336422
regulatory_clean,147,0.7459805555591273
regulatory_clean,148,0.7462797075593596
regulatory_clean,149,0.7465775234770633
regulatory_clean,150,0.7468749927208046
regulatory_clean,151,0.747170680247297
regulatory_clean,152,0.747463674167616
regulatory_clean,153,0.7477564275147636
regulatory_clean,154,0.7480479378657177
regulatory_clean,155,0.7483378289357988
regulatory_clean,156,0.7486251793071841
regulatory_clean,157,0.7489109966617012
regulatory_clean,158,0.7491952091189215
regulatory_clean,159,0.7494768071758604
regulatory_clean,160,0.749756649845757
regulatory_clean,161,0.7500364865078851
regulatory_clean,162,0.7503157187038552
regulatory_clean,163,0.7505932001379116
regulatory_clean,164,0.7508701837407398
regulatory_clean,165,0.7511453950199097
regulatory_clean,166,0.751418889376791
regulatory_clean,167,0.7516912014633255
regulatory_clean,168,0.7519620655097266
regulatory_clean,169,0.7522317351764003
regulatory_clean,170,0.7525003243326319
regulatory_clean,171,0.7527659443398846
regulatory_clean,172,0.7530309642684341
regulatory_clean,173,0.7532941578700787
regulatory_clean,174,0.753556573894418
regulatory_clean,175,0.7538176013219484
regulatory_clean,176,0.7540776490768623
regulatory_clean,177,0.7543358204448788
regulatory_clean,178,0.7545927653586386
regulatory_clean,179,0.7548488577062116
regulatory_clean,180,0.7551041850455851
regulatory_clean,181,0.7553588326181744
regulatory_clean,182,0.755612470964935
regulatory_clean,183,0.7558640443283081
regulatory_clean,184,0.7561141419088673
regulatory_clean,185,0.7563626950137526
regulatory_clean,186,0.7566104845168047
regulatory_clean,187,0.7568572674756603
regulatory_clean,188,0.757102751786748
regulatory_clean,189,0.7573472336653836
regulatory_clean,190,0.7575902283145274
regulatory_clean,191,0.7578325971764255
regulatory_clean,192,0.7580740012238352
regulatory_clean,193,0.7583149542994314
regulatory_clean,194,0.7585543451558615
regulatory_clean,195,0.7587934824820096
regulatory_clean,196,0.7590312496087975
regulatory_clean,197,0.7592677387864522
regulatory_clean,198,0.7595039231525853
regulatory_clean,199,0.7597398780587824
regulatory_clean,200,0.7599731551066994
regulatory_clean,201,0.7602061085785377
regulatory_clean,202,0.7604376402336342
regulatory_clean,203,0.7606690004224668
regulatory_clean,204,0.7608985628178474
regulatory_clean,205,0.7611278210224613
regulatory_clean,206,0.7613564269386233
regulatory_clean,207,0.7615841688431592
regulatory_clean,208,0.7618112247932634
regulatory_clean,209,0.7620374141158825
regulatory_clean,210,0.7622631215879392
regulatory_clean,211,0.7624879988978333
regulatory_clean,212,0.7627118203097113
regulatory_clean,213,0.7629348975404356
regulatory_clean,214,0.7631562596385306
regulatory_clean,215,0.7633766378228997
regulatory_clean,216,0.7635965825206651
regulatory_clean,217,0.7638156469386288
regulatory_clean,218,0.7640339857993139
regulatory_clean,219,0.7642508208705516
regulatory_clean,220,0.7644674097088496
regulatory_clean,221,0.7646822890594472
regulatory_clean,222,0.7648965810380833
regulatory_clean,223,0.7651098147981131
regulatory_clean,224,0.7653230235437994
regulatory_clean,225,0.7655341153850609
regulatory_clean,226,0.7657447254397286
regulatory_clean,227,0.7659551853439317
regulatory_clean,228,0.7661657837656087
regulatory_clean,229,0.7663755585885604
regulatory_clean,230,0.7665838129087835
regulatory_clean,231,0.7667911939644602
regulatory_clean,232,0.7669974925749043
regulatory_clean,233,0.7672034783728169
regulatory_clean,234,0.7674080192555781
regulatory_clean,235,0.7676119640944765
regulatory_clean,236,0.7678149779203001
regulatory_clean,237,0.7680176265043493
regulatory_clean,238,0.768219635167123
regulatory_clean,239,0.7684209608123141
regulatory_clean,240,0.7686205855734126
regulatory_clean,241,0.7688194452507524
regulatory_clean,242,0.7690179322934233
regulatory_clean,243,0.7692155412865607
regulatory_clean,244,0.7694122926970319
regulatory_clean,245,0.7696090026650367
regulatory_clean,246,0.7698051162086678
regulatory_clean,247,0.7700006901916282
regulatory_clean,248,0.7701959350230846
regulatory_clean,249,0.7703894403135175
regulatory_clean,250,0.7705827414241335
regulatory_clean,251,0.7707749542818506
regulatory_clean,252,0.7709664080976839
regulatory_clean,253,0.7711573301784981
regulatory_clean,254,0.7713474718124167
regulatory_clean,255,0.7715366650150913
regulatory_clean,256,0.7717257367349912
regulatory_all_experimental,1,0.44797398940224537
regulatory_all_experimental,2,0.5077416641532052
regulatory_all_experimental,3,0.5507706508470969
regulatory_all_experimental,4,0.5716168047850657
regulatory_all_experimental,5,0.5868997034466243
regulatory_all_experimental,6,0.5993399871424134
regulatory_all_experimental,7,0.6097597720077367
regulatory_all_experimental,8,0.6183627852896744
regulatory_all_experimental,9,0.6252546075888337
regulatory_all_experimental,10,0.630786455085882
regulatory_all_experimental,11,0.6355839065842482
regulatory_all_experimental,12,0.6400695829365899
regulatory_all_experimental,13,0.6439474015898722
regulatory_all_experimental,14,0.6472060332366812
regulatory_all_experimental,15,0.6501993424528285
regulatory_all_experimental,16,0.6529770336174654
regulatory_all_experimental,17,0.6556766956178997
regulatory_all_experimental,18,0.658171203886512
regulatory_all_experimental,19,0.6605861241120603
regulatory_all_experimental,20,0.6627223417596337
regulatory_all_experimental,21,0.6648508647447829
regulatory_all_experimental,22,0.6668353800280048
regulatory_all_experimental,23,0.6687476663099124
regulatory_all_experimental,24,0.6705658023100055
regulatory_all_experimental,25,0.6722654049904753
regulatory_all_experimental,26,0.6739126035423587
regulatory_all_experimental,27,0.675460951895081
regulatory_all_experimental,28,0.6769840408365141
regulatory_all_experimental,29,0.678456249534823
regulatory_all_experimental,30,0.6798600051436471
regulatory_all_experimental,31,0.6812160453395567
regulatory_all_experimental,32,0.6825228603929516
regulatory_all_experimental,33,0.683785563459758
regulatory_all_experimental,34,0.6850168438774841
regulatory_all_experimental,35,0.6862016897170279
regulatory_all_experimental,36,0.6873357013657371
regulatory_all_experimental,37,0.6884299162841376
regulatory_all_experimental,38,0.6895166525639577
regulatory_all_experimental,39,0.6905936419491555
regulatory_all_experimental,40,0.691646463726392
regulatory_all_experimental,41,0.6926281023276772
regulatory_all_experimental,42,0.6936033554943231
regulatory_all_experimental,43,0.6945416182818007
regulatory_all_experimental,44,0.6954671246976484
regulatory_all_experimental,45,0.696361907402291
regulatory_all_experimental,46,0.6972443430015088
regulatory_all_experimental,47,0.6981112364789774
regulatory_all_experimental,48,0.6989667546580902
regulatory_all_experimental,49,0.6998019961536011
regulatory_all_experimental,50,0.7006201208830334
regulatory_all_experimental,51,0.7014236973124388
regulatory_all_experimental,52,0.7022056977963573
regulatory_all_experimental,53,0.7029843784120292
regulatory_all_experimental,54,0.7037408490554998
regulatory_all_experimental,55,0.7044802406395618
regulatory_all_experimental,56,0.7052039177021139
regulatory_all_experimental,57,0.7059204628431743
regulatory_all_experimental,58,0.7066226822088922
regulatory_all_experimental,59,0.7073076701868686
regulatory_all_experimental,60,0.7079875008038584
regulatory_all_experimental,61,0.7086523889443255
regulatory_all_experimental,62,0.7093077141976268
regulatory_all_experimental,63,0.7099593146941291
regulatory_all_experimental,64,0.7106024714151745
regulatory_all_experimental,65,0.711232936607828
regulatory_all_experimental,66,0.7118557991626205
regulatory_all_experimental,67,0.7124594285583263
regulatory_all_experimental,68,0.7130605836961873
regulatory_all_experimental,69,0.7136526029814866
regulatory_all_experimental,70,0.714229502406041
regulatory_all_experimental,71,0.7147987033479105
regulatory_all_experimental,72,0.7153647413965405
regulatory_all_experimental,73,0.7159260047694563
regulatory_all_experimental,74,0.7164812072918806
regulatory_all_experimental,75,0.7170307241783539
regulatory_all_experimental,76,0.7175737012001816
regulatory_all_experimental,77,0.7181106274169943
regulatory_all_experimental,78,0.7186376082406463
regulatory_all_experimental,79,0.7191593100127279
regulatory_all_experimental,80,0.7196734261114532
regulatory_all_experimental,81,0.7201859487753595
regulatory_all_experimental,82,0.720686998093711
regulatory_all_experimental,83,0.7211870829952299
regulatory_all_experimental,84,0.7216838402197272
regulatory_all_experimental,85,0.7221737123536083
regulatory_all_experimental,86,0.7226573707837743
regulatory_all_experimental,87,0.7231330689345438
regulatory_all_experimental,88,0.723605855124625
regulatory_all_experimental,89,0.7240755755983007
regulatory_all_experimental,90,0.7245403730340857
regulatory_all_experimental,91,0.7250015265930098
regulatory_all_experimental,92,0.7254573037521277
regulatory_all_experimental,93,0.7259088768474328
regulatory_all_experimental,94,0.7263595823609772
regulatory_all_experimental,95,0.7268034061885037
regulatory_all_experimental,96,0.7272415742737945
regulatory_all_experimental,97,0.7276738526246114
regulatory_all_experimental,98,0.7281047313311763
regulatory_all_experimental,99,0.7285316269087818
regulatory_all_experimental,100,0.7289565419554599
regulatory_all_experimental,101,0.7293752290743565
regulatory_all_experimental,102,0.7297893644059446
regulatory_all_experimental,103,0.7302003546901565
regulatory_all_experimental,104,0.7306094957574853
regulatory_all_experimental,105,0.7310142625730947
regulatory_all_experimental,106,0.7314149427674737
regulatory_all_experimental,107,0.7318108406827734
regulatory_all_experimental,108,0.7322034663016204
regulatory_all_experimental,109,0.7325939944236108
regulatory_all_experimental,110,0.7329823319387219
regulatory_all_experimental,111,0.7333664765254647
regulatory_all_experimental,112,0.7337468574802665
regulatory_all_experimental,113,0.7341256518113733
regulatory_all_experimental,114,0.7344972391869758
regulatory_all_experimental,115,0.7348674607239566
regulatory_all_experimental,116,0.7352365024664715
regulatory_all_experimental,117,0.735603181125064
regulatory_all_experimental,118,0.7359654094566602
regulatory_all_experimental,119,0.7363256795995713
regulatory_all_experimental,120,0.7366840732953632
regulatory_all_experimental,121,0.7370383068589731
regulatory_all_experimental,122,0.7373901628590153
regulatory_all_experimental,123,0.7377413035771814
regulatory_all_experimental,124,0.7380911871608684
regulatory_all_experimental,125,0.7384375016573096
regulatory_all_experimental,126,0.7387818126750962
regulatory_all_experimental,127,0.7391253738601319
regulatory_all_experimental,128,0.7394669730748803
regulatory_all_experimental,129,0.7398071973438944
regulatory_all_experimental,130,0.7401439582238485
regulatory_all_experimental,131,0.7404781578191081
regulatory_all_experimental,132,0.740807844321753
regulatory_all_experimental,133,0.7411369792069221
regulatory_all_experimental,134,0.7414638505192589
regulatory_all_experimental,135,0.7417904693435761
regulatory_all_experimental,136,0.7421143182159656
regulatory_all_experimental,137,0.7424354381213727
regulatory_all_experimental,138,0.7427535198191051
regulatory_all_experimental,139,0.7430706509125972
regulatory_all_experimental,140,0.7433860771493508
regulatory_all_experimental,141,0.743700350838103
regulatory_all_experimental,142,0.7440115509354576
regulatory_all_experimental,143,0.7443207173856279
regulatory_all_experimental,144,0.7446277656804291
regulatory_all_experimental,145,0.744932198173307
regulatory_all_experimental,146,0.7452349161230599
regulatory_all_experimental,147,0.7455349024499532
regulatory_all_experimental,148,0.745834234816936
regulatory_all_experimental,149,0.7461318047641614
regulatory_all_experimental,150,0.7464290508152402
regulatory_all_experimental,151,0.7467244663559705
regulatory_all_experimental,152,0.7470173167909896
regulatory_all_experimental,153,0.747309997080035
regulatory_all_experimental,154,0.7476013500533693
regulatory_all_experimental,155,0.7478909918319898
regulatory_all_experimental,156,0.7481783092622583
regulatory_all_experimental,157,0.7484639273714371
regulatory_all_experimental,158,0.7487482858813161
regulatory_all_experimental,159,0.7490301595367361
regulatory_all_experimental,160,0.7493100588694215
regulatory_all_experimental,161,0.749589684786595
regulatory_all_experimental,162,0.7498688413232254
regulatory_all_experimental,163,0.7501464616706598
regulatory_all_experimental,164,0.7504231105777892
regulatory_all_experimental,165,0.7506980147893617
regulatory_all_experimental,166,0.7509714269260231
regulatory_all_experimental,167,0.7512436115834239
regulatory_all_experimental,168,0.7515142659361691
regulatory_all_experimental,169,0.7517839419373689
regulatory_all_experimental,170,0.7520526697466634
regulatory_all_experimental,171,0.7523185046955034
regulatory_all_experimental,172,0.752583239332243
regulatory_all_experimental,173,0.7528465227287487
regulatory_all_experimental,174,0.7531088505498567
regulatory_all_experimental,175,0.753369821488728
regulatory_all_experimental,176,0.7536295846535731
regulatory_all_experimental,177,0.7538874781889174
regulatory_all_experimental,178,0.7541445198572524
regulatory_all_experimental,179,0.7544005661532984
regulatory_all_experimental,180,0.7546554609846323
regulatory_all_experimental,181,0.7549096056819083
regulatory_all_experimental,182,0.7551627556597217
regulatory_all_experimental,183,0.7554141146099257
regulatory_all_experimental,184,0.7556642907494627
regulatory_all_experimental,185,0.7559127556957105
regulatory_all_experimental,186,0.7561603636787902
regulatory_all_experimental,187,0.7564075284691613
regulatory_all_experimental,188,0.7566530528533235
regulatory_all_experimental,189,0.7568972730641897
regulatory_all_experimental,190,0.7571403518164947
regulatory_all_experimental,191,0.7573830960742264
regulatory_all_experimental,192,0.7576245033398948
regulatory_all_experimental,193,0.7578652873175268
regulatory_all_experimental,194,0.7581042707441688
regulatory_all_experimental,195,0.7583431381522837
regulatory_all_experimental,196,0.7585806486182795
regulatory_all_experimental,197,0.7588173795962939
regulatory_all_experimental,198,0.7590537742165855
regulatory_all_experimental,199,0.7592891609638487
regulatory_all_experimental,200,0.7595227454518583
regulatory_all_experimental,201,0.7597555564671601
regulatory_all_experimental,202,0.7599875487979414
regulatory_all_experimental,203,0.7602190574682524
regulatory_all_experimental,204,0.7604487073343449
regulatory_all_experimental,205,0.7606775878430285
regulatory_all_experimental,206,0.7609060483989653
regulatory_all_experimental,207,0.7611339417376707
regulatory_all_experimental,208,0.7613609435585785
regulatory_all_experimental,209,0.7615868663842288
regulatory_all_experimental,210,0.7618115965127715
regulatory_all_experimental,211,0.7620359143422578
regulatory_all_experimental,212,0.7622595234009705
regulatory_all_experimental,213,0.7624823663897972
regulatory_all_experimental,214,0.7627037891432517
regulatory_all_experimental,215,0.7629251348331559
regulatory_all_experimental,216,0.7631444773251079
regulatory_all_experimental,217,0.7633634535404578
regulatory_all_experimental,218,0.7635811651039436
regulatory_all_experimental,219,0.763798883473655
regulatory_all_experimental,220,0.7640148060316062
regulatory_all_experimental,221,0.764229656711844
regulatory_all_experimental,222,0.764443649307513
regulatory_all_experimental,223,0.764657349871209
regulatory_all_experimental,224,0.7648702169480087
regulatory_all_experimental,225,0.7650827202954481
regulatory_all_experimental,226,0.7652945749239571
regulatory_all_experimental,227,0.7655053147371809
regulatory_all_experimental,228,0.7657154380166029
regulatory_all_experimental,229,0.7659241567804104
regulatory_all_experimental,230,0.7661325544187342
regulatory_all_experimental,231,0.7663396564381912
regulatory_all_experimental,232,0.7665462314872066
regulatory_all_experimental,233,0.7667513443860923
regulatory_all_experimental,234,0.7669562616125899
regulatory_all_experimental,235,0.7671602167634995
regulatory_all_experimental,236,0.7673639416685314
regulatory_all_experimental,237,0.7675666614629754
regulatory_all_experimental,238,0.767768084366683
regulatory_all_experimental,239,0.7679691351169502
regulatory_all_experimental,240,0.7681690461512273
regulatory_all_experimental,241,0.7683690873794397
regulatory_all_experimental,242,0.7685681465566642
regulatory_all_experimental,243,0.7687667560491424
regulatory_all_experimental,244,0.7689641657507382
regulatory_all_experimental,245,0.769160243936996
regulatory_all_experimental,246,0.769356048347386
regulatory_all_experimental,247,0.7695514130488565
regulatory_all_experimental,248,0.7697460678032364
regulatory_all_experimental,249,0.7699394651920173
regulatory_all_experimental,250,0.770132102475348
regulatory_all_experimental,251,0.7703237032963314
regulatory_all_experimental,252,0.7705142172961775
regulatory_all_experimental,253,0.7707043254341501
regulatory_all_experimental,254,0.7708941718148223
regulatory_all_experimental,255,0.7710837258915819
regulatory_all_experimental,256,0.7712719617897744
regulatory_histone,1,0.549318998196856
regulatory_histone,2,0.6108485309396987
regulatory_histone,3,0.6415214640296248
regulatory_histone,4,0.6625396437210505
regulatory_histone,5,0.6772911547769017
regulatory_histone,6,0.6870222316326942
regulatory_histone,7,0.6956037239515857
regulatory_histone,8,0.7024113298645536
regulatory_histone,9,0.708606078339646
regulatory_histone,10,0.7137718160105849
regulatory_histone,11,0.7187918877643499
regulatory_histone,12,0.7223892354961724
regulatory_histone,13,0.725827759401132
regulatory_histone,14,0.729005089656778
regulatory_histone,15,0.7319007644954671
regulatory_histone,16,0.7345341908014013
regulatory_histone,17,0.7370745595695746
regulatory_histone,18,0.7394276169506963
regulatory_histone,19,0.7415768346679222
regulatory_histone,20,0.7436557977294033
regulatory_histone,21,0.7455937879635902
regulatory_histone,22,0.7475218652062798
regulatory_histone,23,0.7493086548151277
regulatory_histone,24,0.7509933897088054
regulatory_histone,25,0.7526062787924116
regulatory_histone,26,0.7541260419427832
regulatory_histone,27,0.7556373467639071
regulatory_histone,28,0.7570820017690211
regulatory_histone,29,0.7584631470533219
regulatory_histone,30,0.75979843621674
regulatory_histone,31,0.7611165981037179
regulatory_histone,32,0.76239329164395
regulatory_histone,33,0.7636329696729487
regulatory_histone,34,0.7648252032262722
regulatory_histone,35,0.7659755179923822
regulatory_histone,36,0.7670831647677869
regulatory_histone,37,0.7681849059008914
regulatory_histone,38,0.7692248296991567
regulatory_histone,39,0.7702458156823503
regulatory_histone,40,0.7712418213303012
regulatory_histone,41,0.7722115345769882
regulatory_histone,42,0.7731738367618084
regulatory_histone,43,0.7741062066647081
regulatory_histone,44,0.7750043979754054
regulatory_histone,45,0.7758891006758505
regulatory_histone,46,0.7767625939342506
regulatory_histone,47,0.7776275667277622
regulatory_histone,48,0.778469546038187
regulatory_histone,49,0.7792914798436981
regulatory_histone,50,0.780084485196242
regulatory_histone,51,0.7808632066378636
regulatory_histone,52,0.7816379448402974
regulatory_histone,53,0.7823940654307909
regulatory_histone,54,0.7831399462700741
regulatory_histone,55,0.7838760563969207
regulatory_histone,56,0.7846008538883793
regulatory_histone,57,0.7853146028584922
regulatory_histone,58,0.7860116424755749
regulatory_histone,59,0.7867069294568633
regulatory_histone,60,0.7873956068885437
regulatory_histone,61,0.7880778487266458
regulatory_histone,62,0.7887405410533452
regulatory_histone,63,0.7893919148075569
regulatory_histone,64,0.7900381194511575
regulatory_histone,65,0.7906712834798594
regulatory_histone,66,0.7912938921490045
regulatory_histone,67,0.7919158432558154
regulatory_histone,68,0.7925262633269138
regulatory_histone,69,0.7931275630298285
regulatory_histone,70,0.7937239248094833
regulatory_histone,71,0.7943064198293162
regulatory_histone,72,0.7948838422172305
regulatory_histone,73,0.7954540669931552
regulatory_histone,74,0.7960181808683215
regulatory_histone,75,0.7965773944697843
regulatory_histone,76,0.797135600401783
regulatory_histone,77,0.797682319484135
regulatory_histone,78,0.7982219065071443
regulatory_histone,79,0.7987575877593968
regulatory_histone,80,0.7992868846464473
regulatory_histone,81,0.7998086708564918
regulatory_histone,82,0.8003228279148247
regulatory_histone,83,0.8008317520795547
regulatory_histone,84,0.8013368689153222
regulatory_histone,85,0.8018383401226584
regulatory_histone,86,0.8023330404015174
regulatory_histone,87,0.8028245454923654
regulatory_histone,88,0.803310855678963
regulatory_histone,89,0.8037926965082872
regulatory_histone,90,0.8042671851713112
regulatory_histone,91,0.8047376964471296
regulatory_histone,92,0.8052034864594783
regulatory_histone,93,0.8056673790605423
regulatory_histone,94,0.8061256913398646
regulatory_histone,95,0.8065824727018206
regulatory_histone,96,0.8070321844576449
regulatory_histone,97,0.8074782014334306
regulatory_histone,98,0.8079225140652235
regulatory_histone,99,0.808361042393166
regulatory_histone,100,0.8087960120007871
regulatory_histone,101,0.8092228819027636
regulatory_histone,102,0.8096477650412176
regulatory_histone,103,0.8100713791330013
regulatory_histone,104,0.8104871342725246
regulatory_histone,105,0.8109014061765605
regulatory_histone,106,0.811311734341441
regulatory_histone,107,0.811720063283862
regulatory_histone,108,0.8121266217056142
regulatory_histone,109,0.8125311314645717
regulatory_histone,110,0.8129327939277365
regulatory_histone,111,0.8133316099762725
regulatory_histone,112,0.81372520569227
regulatory_histone,113,0.8141155856880119
regulatory_histone,114,0.8145041522568368
regulatory_histone,115,0.8148907744754237
regulatory_histone,116,0.8152731415438964
regulatory_histone,117,0.8156523278648948
regulatory_histone,118,0.8160277355678746
regulatory_histone,119,0.8164021449975427
regulatory_histone,120,0.8167717688603456
regulatory_histone,121,0.8171395332784303
regulatory_histone,122,0.8175071225897609
regulatory_histone,123,0.8178708694597885
regulatory_histone,124,0.8182322876577558
regulatory_histone,125,0.8185922404984421
regulatory_histone,126,0.8189500570869206
regulatory_histone,127,0.8193064091357127
regulatory_histone,128,0.8196604188013433
regulatory_histone,129,0.82001273302987
regulatory_histone,130,0.8203622641232837
regulatory_histone,131,0.8207083980880394
regulatory_histone,132,0.8210532592153845
regulatory_histone,133,0.8213957994914609
regulatory_histone,134,0.8217370071725296
regulatory_histone,135,0.8220751986867906
regulatory_histone,136,0.8224120497454521
regulatory_histone,137,0.8227457182635523
regulatory_histone,138,0.8230789725395052
regulatory_histone,139,0.8234107466109015
regulatory_histone,140,0.8237399700977814
regulatory_histone,141,0.824068084218532
regulatory_histone,142,0.8243942252338406
regulatory_histone,143,0.8247199098602355
regulatory_histone,144,0.8250437052419912
regulatory_histone,145,0.8253659186251833
regulatory_histone,146,0.825686320488012
regulatory_histone,147,0.8260044381221799
regulatory_histone,148,0.8263209343549286
regulatory_histone,149,0.8266344232821102
regulatory_histone,150,0.8269470846165857
regulatory_histone,151,0.8272593636925261
regulatory_histone,152,0.8275703994343704
regulatory_histone,153,0.827879252973016
regulatory_histone,154,0.8281869643783262
regulatory_histone,155,0.8284925287507092
regulatory_histone,156,0.8287973377271914
regulatory_histone,157,0.8290994710420343
regulatory_histone,158,0.8293989349170263
regulatory_histone,159,0.8296971520162878
regulatory_histone,160,0.829994412062903
regulatory_histone,161,0.8302903893392599
regulatory_histone,162,0.8305859333955734
regulatory_histone,163,0.8308794161755804
regulatory_histone,164,0.8311715685465171
regulatory_histone,165,0.831463547812367
regulatory_histone,166,0.8317530208898738
regulatory_histone,167,0.8320405346885195
regulatory_histone,168,0.8323268650720985
regulatory_histone,169,0.8326126549312046
regulatory_histone,170,0.8328973743786263
regulatory_histone,171,0.8331812536986715
regulatory_histone,172,0.8334637893223722
regulatory_histone,173,0.8337449968418413
regulatory_histone,174,0.8340241314126116
regulatory_histone,175,0.8343026926050292
regulatory_histone,176,0.8345805870241353
regulatory_histone,177,0.8348569678261673
regulatory_histone,178,0.8351321488104365
regulatory_histone,179,0.8354067286759783
regulatory_histone,180,0.8356804781442607
regulatory_histone,181,0.8359531819497033
regulatory_histone,182,0.8362253283008706
regulatory_histone,183,0.8364969417164706
regulatory_histone,184,0.8367677664515827
regulatory_histone,185,0.8370372093627833
regulatory_histone,186,0.8373060036627782
regulatory_histone,187,0.8375736137262518
regulatory_histone,188,0.8378408248123638
regulatory_histone,189,0.8381072677571708
regulatory_histone,190,0.8383720443913771
regulatory_histone,191,0.8386355466046133
regulatory_histone,192,0.8388984804600171
regulatory_histone,193,0.839159800772415
regulatory_histone,194,0.8394208518966444
regulatory_histone,195,0.8396818383121921
regulatory_histone,196,0.8399412833324547
regulatory_histone,197,0.840200226490943
regulatory_histone,198,0.8404581214304403
regulatory_histone,199,0.8407156936268333
regulatory_histone,200,0.8409728182646933
regulatory_histone,201,0.8412286590001227
regulatory_histone,202,0.8414835838709406
regulatory_histone,203,0.8417367316076986
regulatory_histone,204,0.8419896673374482
regulatory_histone,205,0.8422415332265605
regulatory_histone,206,0.8424924746879159
regulatory_histone,207,0.8427425950200006
regulatory_histone,208,0.8429914428805428
regulatory_histone,209,0.8432401548821801
regulatory_histone,210,0.8434879495102089
regulatory_histone,211,0.843735008317892
regulatory_histone,212,0.8439811117837533
regulatory_histone,213,0.844225931869559
regulatory_histone,214,0.8444704186840051
regulatory_histone,215,0.8447146082275875
regulatory_histone,216,0.8449587656851033
regulatory_histone,217,0.8452009840074225
regulatory_histone,218,0.8454427042259126
regulatory_histone,219,0.8456829964731298
regulatory_histone,220,0.8459229154700111
regulatory_histone,221,0.8461617278554516
regulatory_histone,222,0.8464000644808408
regulatory_histone,223,0.8466378599142302
regulatory_histone,224,0.8468748391801569
regulatory_histone,225,0.8471113062147301
regulatory_histone,226,0.847347099349687
regulatory_histone,227,0.8475821119922065
regulatory_histone,228,0.8478165862707353
regulatory_histone,229,0.8480509986816241
regulatory_histone,230,0.8482840127242858
regulatory_histone,231,0.8485146367672806
regulatory_histone,232,0.8487442558150701
regulatory_histone,233,0.8489733838264053
regulatory_histone,234,0.849201566373101
regulatory_histone,235,0.8494292718929574
regulatory_histone,236,0.8496564177239686
regulatory_histone,237,0.8498835918444182
regulatory_histone,238,0.8501094789825695
regulatory_histone,239,0.8503348853815405
regulatory_histone,240,0.8505592210253676
regulatory_histone,241,0.8507833959830048
regulatory_histone,242,0.8510065582612676
regulatory_histone,243,0.8512292580045524
regulatory_histone,244,0.8514513640729539
regulatory_histone,245,0.851673019836548
regulatory_histone,246,0.8518936386414397
regulatory_histone,247,0.8521130270898107
regulatory_histone,248,0.8523323937378624
regulatory_histone,249,0.8525499793114147
regulatory_histone,250,0.852767348139325
regulatory_histone,251,0.8529840085461898
regulatory_histone,252,0.853199987056982
regulatory_histone,253,0.8534142907926754
regulatory_histone,254,0.853628348113027
regulatory_histone,255,0.8538415250892031
regulatory_histone,256,0.854054167429233
