arm,seed,epoch,validation_mse,validation_mae
regulatory_histone,17,0,0.0205067209899425,0.0903725549578666
regulatory_histone,17,1,0.0192223470658063,0.0882667750120163
regulatory_histone,17,2,0.0189960822463035,0.0865073278546333
regulatory_histone,17,3,0.018905708566308,0.0867389291524887
regulatory_histone,17,4,0.0183265041559934,0.0857638195157051
regulatory_histone,17,5,0.0180244985967874,0.0842788442969322
regulatory_histone,17,6,0.0176940411329269,0.083377793431282
regulatory_histone,17,7,0.0174507666379213,0.0821857079863548
regulatory_histone,17,8,0.0174054913222789,0.0815583616495132
regulatory_histone,17,9,0.0172794312238693,0.0832448750734329
regulatory_histone,17,10,0.0173136927187442,0.0815130993723869
regulatory_histone,17,11,0.0171424821019172,0.0822906419634819
regulatory_histone,17,12,0.0171814169734716,0.0822538286447525
regulatory_histone,17,13,0.0170535147190094,0.0812008157372474
regulatory_histone,17,14,0.017008414492011,0.080885998904705
regulatory_histone,17,15,0.0169296003878116,0.0813748612999916
regulatory_histone,17,16,0.0168819017708301,0.0809177830815315
regulatory_histone,17,17,0.016835194081068,0.0810658261179924
regulatory_histone,17,18,0.0167307052761316,0.0807816758751869
regulatory_histone,17,19,0.0166837330907583,0.080572709441185
regulatory_histone,17,20,0.016678487882018,0.0805006176233291
regulatory_histone,17,21,0.0165561214089393,0.0804676264524459
regulatory_histone,17,22,0.0167145207524299,0.0800700187683105
regulatory_histone,17,23,0.0165002439171075,0.0803490579128265
regulatory_histone,17,24,0.0164848063141107,0.0804606154561042
regulatory_histone,17,25,0.0163271594792604,0.0792326107621193
regulatory_histone,17,26,0.0163733251392841,0.0790531486272811
regulatory_histone,17,27,0.0163726229220628,0.0795067846775055
regulatory_histone,17,28,0.0162727907299995,0.0794619023799896
regulatory_histone,17,29,0.0162161048501729,0.0789014995098114
regulatory_histone,17,30,0.0162195097655057,0.0791559815406799
regulatory_histone,17,31,0.0162159670144319,0.078851617872715
regulatory_histone,17,32,0.0161492358893156,0.0792568102478981
regulatory_histone,17,33,0.0161749701946973,0.079011894762516
regulatory_histone,17,34,0.0160974711179733,0.0783213004469871
regulatory_histone,17,35,0.0160766243934631,0.0788874924182891
regulatory_histone,17,36,0.0160446316003799,0.0785048604011535
regulatory_histone,17,37,0.0159930102527141,0.0782641768455505
regulatory_histone,17,38,0.0160006824880838,0.078992523252964
regulatory_histone,17,39,0.0159218106418848,0.0782514587044715
regulatory_histone,17,40,0.0158761329948902,0.0783825144171714
regulatory_histone,17,41,0.0159281343221664,0.078847199678421
regulatory_histone,17,42,0.01588642783463,0.0783394873142242
regulatory_histone,17,43,0.0158712118864059,0.0783757865428924
regulatory_histone,17,44,0.0158464983105659,0.0784170776605606
regulatory_histone,17,45,0.0158243440091609,0.077804259955883
regulatory_histone,17,46,0.0158676784485578,0.0778716877102851
regulatory_histone,17,47,0.015802638605237,0.0783781632781028
regulatory_histone,17,48,0.0157791506499052,0.0780519247055053
regulatory_histone,17,49,0.0157510861754417,0.0779267847537994
regulatory_histone,17,50,0.0157632660120725,0.0784279629588127
regulatory_histone,17,51,0.015778861939907,0.0776701718568801
regulatory_histone,17,52,0.0158403199166059,0.077824667096138
regulatory_histone,17,53,0.0156798958778381,0.0779656320810318
regulatory_histone,17,54,0.0157117210328578,0.0779950022697448
regulatory_histone,17,55,0.0156019944697618,0.0771094262599945
regulatory_histone,17,56,0.0156181817874312,0.0773061588406562
regulatory_histone,17,57,0.0156061900779604,0.0773197263479232
regulatory_histone,17,58,0.0156249562278389,0.0773263722658157
regulatory_histone,17,59,0.0155698517337441,0.0775165781378746
regulatory_histone,17,60,0.015550467185676,0.0771143212914466
regulatory_histone,17,61,0.0155528597533702,0.0770387575030326
regulatory_histone,17,62,0.0155301839113235,0.0772880390286445
regulatory_histone,17,63,0.0155199728906154,0.0772699788212776
regulatory_histone,17,64,0.0154855186119675,0.076797567307949
regulatory_histone,17,65,0.0154988644644618,0.0773700177669525
regulatory_histone,17,66,0.0155363865196704,0.0767480358481407
regulatory_histone,17,67,0.0154327824711799,0.0767726451158523
regulatory_histone,17,68,0.0154536766931414,0.0770552903413772
regulatory_histone,17,69,0.0155039578676223,0.0772423818707466
regulatory_histone,17,70,0.0154250049963593,0.0772873684763908
regulatory_histone,17,71,0.0154118053615093,0.0763646811246872
regulatory_histone,17,72,0.0153933353722095,0.0767736434936523
regulatory_histone,17,73,0.0154594779014587,0.0762738958001136
regulatory_histone,17,74,0.0153726814314723,0.0765686854720115
regulatory_histone,17,75,0.0153865488246083,0.0770765841007232
regulatory_histone,17,76,0.0153907993808388,0.0768109634518623
regulatory_histone,17,77,0.0153530510142445,0.076260782778263
regulatory_histone,17,78,0.0153893819078803,0.0766819939017295
regulatory_histone,17,79,0.0153528871014714,0.0764447078108787
regulatory_histone_dnase,17,0,0.0204864498227834,0.0903145298361778
regulatory_histone_dnase,17,1,0.0191712845116853,0.0879108235239982
regulatory_histone_dnase,17,2,0.0189317911863327,0.0863493755459785
regulatory_histone_dnase,17,3,0.0187592394649982,0.0862426906824112
regulatory_histone_dnase,17,4,0.0181914512068033,0.0853692814707756
regulatory_histone_dnase,17,5,0.0179162286221981,0.0843359529972076
regulatory_histone_dnase,17,6,0.0174846816807985,0.0829961225390434
regulatory_histone_dnase,17,7,0.0172738879919052,0.0815378352999687
regulatory_histone_dnase,17,8,0.0172018241137266,0.0810478776693344
regulatory_histone_dnase,17,9,0.0170532818883657,0.0823537930846214
regulatory_histone_dnase,17,10,0.0171415545046329,0.0810206308960914
regulatory_histone_dnase,17,11,0.0169648639857769,0.0822472050786018
regulatory_histone_dnase,17,12,0.0169554017484188,0.0814447849988937
regulatory_histone_dnase,17,13,0.0168465226888656,0.0807991772890091
regulatory_histone_dnase,17,14,0.0168124828487634,0.0804338827729225
regulatory_histone_dnase,17,15,0.0167169086635112,0.0809417590498924
regulatory_histone_dnase,17,16,0.0166500639170408,0.0803015455603599
regulatory_histone_dnase,17,17,0.0165787395089864,0.080544963479042
regulatory_histone_dnase,17,18,0.0165013372898101,0.0803219527006149
regulatory_histone_dnase,17,19,0.0164238046854734,0.0791841223835945
regulatory_histone_dnase,17,20,0.016427781432867,0.0797575190663337
regulatory_histone_dnase,17,21,0.0162808112800121,0.0794522166252136
regulatory_histone_dnase,17,22,0.0163616966456174,0.079286016523838
regulatory_histone_dnase,17,23,0.0162433926016092,0.0794012397527694
regulatory_histone_dnase,17,24,0.0161916818469762,0.0792230665683746
regulatory_histone_dnase,17,25,0.0160855241119861,0.0787627324461937
regulatory_histone_dnase,17,26,0.0161520969122648,0.0785877853631973
regulatory_histone_dnase,17,27,0.0160520859062671,0.0784824043512344
regulatory_histone_dnase,17,28,0.016028830781579,0.0784995704889297
regulatory_histone_dnase,17,29,0.0159517377614974,0.0781922340393066
regulatory_histone_dnase,17,30,0.0159534178674221,0.0783623978495597
regulatory_histone_dnase,17,31,0.0159517731517553,0.0781232565641403
regulatory_histone_dnase,17,32,0.0159830991178751,0.0786735340952873
regulatory_histone_dnase,17,33,0.0159006435424089,0.0780534073710441
regulatory_histone_dnase,17,34,0.0158655419945716,0.077560156583786
regulatory_histone_dnase,17,35,0.0158423949033021,0.0779678001999855
regulatory_histone_dnase,17,36,0.0158395785838365,0.0775878876447677
regulatory_histone_dnase,17,37,0.0157498624175786,0.0773734301328659
regulatory_histone_dnase,17,38,0.0157625973224639,0.0781856328248977
regulatory_histone_dnase,17,39,0.0156768802553415,0.0772942379117012
regulatory_histone_dnase,17,40,0.0156335476785898,0.0773929581046104
regulatory_histone_dnase,17,41,0.0156567171216011,0.0778679773211479
regulatory_histone_dnase,17,42,0.015624058432877,0.0773270353674888
regulatory_histone_dnase,17,43,0.0155756864696741,0.0770484581589698
regulatory_histone_dnase,17,44,0.0155629878863692,0.0773769915103912
regulatory_histone_dnase,17,45,0.0155793046578764,0.0770992338657379
regulatory_histone_dnase,17,46,0.0156211853027343,0.0771041586995124
regulatory_histone_dnase,17,47,0.0155301745980978,0.0776051729917526
regulatory_histone_dnase,17,48,0.0154989473521709,0.0772547200322151
regulatory_histone_dnase,17,49,0.0155122252181172,0.0770766958594322
regulatory_histone_dnase,17,50,0.0154815623536705,0.0773150771856308
regulatory_histone_dnase,17,51,0.0154971620067954,0.0768228992819786
regulatory_histone_dnase,17,52,0.0155690573155879,0.0770476907491684
regulatory_histone_dnase,17,53,0.0154525088146328,0.0770162716507911
regulatory_histone_dnase,17,54,0.0154286902397871,0.0766821876168251
regulatory_histone_dnase,17,55,0.0153660308569669,0.0761644467711448
regulatory_histone_dnase,17,56,0.0153457317501306,0.0764244124293327
regulatory_histone_dnase,17,57,0.0153663735836744,0.0767406076192855
regulatory_histone_dnase,17,58,0.0153714697808027,0.0764748752117157
regulatory_histone_dnase,17,59,0.015302182175219,0.0767188668251037
regulatory_histone_dnase,17,60,0.0152758322656154,0.0763099044561386
regulatory_histone_dnase,17,61,0.0152894034981727,0.0760596469044685
regulatory_histone_dnase,17,62,0.0152727682143449,0.0762743428349495
regulatory_histone_dnase,17,63,0.0152440248057246,0.0767336711287498
regulatory_histone_dnase,17,64,0.0152341220527887,0.0759574174880981
regulatory_histone_dnase,17,65,0.015245521441102,0.076808363199234
regulatory_histone_dnase,17,66,0.015287765301764,0.0760800242424011
regulatory_histone_dnase,17,67,0.0151885263621807,0.0758109167218208
regulatory_histone_dnase,17,68,0.015206841751933,0.0761573612689971
regulatory_histone_dnase,17,69,0.0152019215747714,0.0761893838644027
regulatory_histone_dnase,17,70,0.0151905575767159,0.0762251168489456
regulatory_histone_dnase,17,71,0.0151481069624423,0.0756107419729232
regulatory_histone_dnase,17,72,0.0151462368667125,0.0759397819638252
regulatory_histone_dnase,17,73,0.0152052091434597,0.0755555033683776
regulatory_histone_dnase,17,74,0.0151366414502263,0.0757630318403244
regulatory_histone_dnase,17,75,0.0151236485689878,0.0764302536845207
regulatory_histone_dnase,17,76,0.0151272341609001,0.0759271830320358
regulatory_histone_dnase,17,77,0.0150920581072568,0.0754083544015884
regulatory_histone_dnase,17,78,0.0151003878563642,0.0759612470865249
regulatory_histone_dnase,17,79,0.0150825334712862,0.0756874680519104
regulatory_clean,17,0,0.0204736832529306,0.0902905836701393
regulatory_clean,17,1,0.019114663824439,0.0878083333373069
regulatory_clean,17,2,0.0189074929803609,0.0861711874604225
regulatory_clean,17,3,0.0187905970960855,0.0862765535712242
regulatory_clean,17,4,0.0181603319942951,0.0854814425110817
regulatory_clean,17,5,0.0178826581686735,0.084203615784645
regulatory_clean,17,6,0.0174541007727384,0.0829466432332992
regulatory_clean,17,7,0.0172283127903938,0.0813835188746452
regulatory_clean,17,8,0.0171574540436267,0.0807790979743003
regulatory_clean,17,9,0.0170198716223239,0.0824775695800781
regulatory_clean,17,10,0.0170416682958602,0.0808099508285522
regulatory_clean,17,11,0.0168902575969696,0.0818113535642623
regulatory_clean,17,12,0.0168405976146459,0.0811859965324401
regulatory_clean,17,13,0.0167859960347414,0.0805151462554931
regulatory_clean,17,14,0.0167465079575777,0.0798917114734649
regulatory_clean,17,15,0.0166143588721752,0.0804007202386856
regulatory_clean,17,16,0.0165597684681415,0.0801327601075172
regulatory_clean,17,17,0.0165146831423044,0.0804740041494369
regulatory_clean,17,18,0.0164877623319625,0.0801864042878151
regulatory_clean,17,19,0.01634107157588,0.0790878236293792
regulatory_clean,17,20,0.0163407251238822,0.0794418901205062
regulatory_clean,17,21,0.0162093508988618,0.0789410844445228
regulatory_clean,17,22,0.0162431467324495,0.0788935422897338
regulatory_clean,17,23,0.0161583144217729,0.0790073201060295
regulatory_clean,17,24,0.0161001682281494,0.0791940316557884
regulatory_clean,17,25,0.0160014610737562,0.078493021428585
regulatory_clean,17,26,0.0160441976040601,0.0782119631767273
regulatory_clean,17,27,0.0159819889813661,0.078267715871334
regulatory_clean,17,28,0.0159523133188486,0.0780501142144203
regulatory_clean,17,29,0.015884093940258,0.0778688490390777
regulatory_clean,17,30,0.0159000903367996,0.0780057460069656
regulatory_clean,17,31,0.0158418156206607,0.0778062418103218
regulatory_clean,17,32,0.0158576536923646,0.0785626694560051
regulatory_clean,17,33,0.0158183500170707,0.0775242447853088
regulatory_clean,17,34,0.0157550945878028,0.0772703438997268
regulatory_clean,17,35,0.0157681833952665,0.0779606774449348
regulatory_clean,17,36,0.0157489664852619,0.0772230625152587
regulatory_clean,17,37,0.0156676657497882,0.0771721303462982
regulatory_clean,17,38,0.015639778226614,0.0778217166662216
regulatory_clean,17,39,0.0155974570661783,0.0770764499902725
regulatory_clean,17,40,0.0155203947797417,0.0770524740219116
regulatory_clean,17,41,0.0155632207170128,0.0774578601121902
regulatory_clean,17,42,0.0155096715316176,0.0769312754273414
regulatory_clean,17,43,0.0155096715316176,0.0769218131899833
regulatory_clean,17,44,0.0154783045873045,0.0770699307322502
regulatory_clean,17,45,0.0154971871525049,0.077072188258171
regulatory_clean,17,46,0.0154930613934993,0.0768272206187248
regulatory_clean,17,47,0.0154535910114645,0.0771729350090026
regulatory_clean,17,48,0.0154190715402364,0.07703547924757
regulatory_clean,17,49,0.0154292397201061,0.0769567489624023
regulatory_clean,17,50,0.0154004218056797,0.0771028101444244
regulatory_clean,17,51,0.0154553791508078,0.0768891349434852
regulatory_clean,17,52,0.0155322067439556,0.076576143503189
regulatory_clean,17,53,0.0153826307505369,0.0769702717661857
regulatory_clean,17,54,0.0153543641790747,0.0766146481037139
regulatory_clean,17,55,0.0152718005701899,0.0758726969361305
regulatory_clean,17,56,0.0153039740398526,0.0763147547841072
regulatory_clean,17,57,0.0152610577642917,0.0762048661708831
regulatory_clean,17,58,0.0152864558622241,0.0760920494794845
regulatory_clean,17,59,0.0152550637722015,0.0764333382248878
regulatory_clean,17,60,0.0152118531987071,0.0760839283466339
regulatory_clean,17,61,0.0152072245255112,0.0757271125912666
regulatory_clean,17,62,0.0151899335905909,0.0760039612650871
regulatory_clean,17,63,0.0151777891442179,0.076357290148735
regulatory_clean,17,64,0.0151885617524385,0.075818695127964
regulatory_clean,17,65,0.0151865249499678,0.0763773620128631
regulatory_clean,17,66,0.0151689462363719,0.0755326673388481
regulatory_clean,17,67,0.0151290949434041,0.0757045522332191
regulatory_clean,17,68,0.0151351606473326,0.0758019387722015
regulatory_clean,17,69,0.0151821291074156,0.0760357230901718
regulatory_clean,17,70,0.015085837803781,0.0757916718721389
regulatory_clean,17,71,0.0150826089084148,0.0752984508872032
regulatory_clean,17,72,0.0150825409218668,0.075668916106224
regulatory_clean,17,73,0.015169127844274,0.0751600936055183
regulatory_clean,17,74,0.0150705706328153,0.0755078196525573
regulatory_clean,17,75,0.0150690805166959,0.0760263204574585
regulatory_clean,17,76,0.0150544214993715,0.0759148001670837
regulatory_clean,17,77,0.0150029305368661,0.0752604678273201
regulatory_clean,17,78,0.015045846812427,0.0758871957659721
regulatory_clean,17,79,0.015030700713396,0.0754446387290954
regulatory_histone,42,0,0.0205161143094301,0.0904140621423721
regulatory_histone,42,1,0.0192468632012605,0.0883154869079589
regulatory_histone,42,2,0.0190052669495344,0.0866574570536613
regulatory_histone,42,3,0.0189081002026796,0.08670324832201
regulatory_histone,42,4,0.0185212530195713,0.0854901298880577
regulatory_histone,42,5,0.0179717242717742,0.0841751918196678
regulatory_histone,42,6,0.0176806934177875,0.0832558795809745
regulatory_histone,42,7,0.0174821801483631,0.0822351723909378
regulatory_histone,42,8,0.01740463078022,0.0815098583698272
regulatory_histone,42,9,0.0172718111425638,0.0832482948899269
regulatory_histone,42,10,0.01729685254395,0.0815727710723877
regulatory_histone,42,11,0.0171255990862846,0.0823201164603233
regulatory_histone,42,12,0.0171684306114912,0.0821884647011756
regulatory_histone,42,13,0.0170312076807022,0.0813018828630447
regulatory_histone,42,14,0.0170030612498521,0.0808993428945541
regulatory_histone,42,15,0.0169279668480157,0.0813914313912391
regulatory_histone,42,16,0.0169106200337409,0.080884151160717
regulatory_histone,42,17,0.0168465189635753,0.0811044350266456
regulatory_histone,42,18,0.0167291946709156,0.0808986946940422
regulatory_histone,42,19,0.016690619289875,0.0804608762264251
regulatory_histone,42,20,0.0166486632078886,0.0807898715138435
regulatory_histone,42,21,0.0165785532444715,0.0806242302060127
regulatory_histone,42,22,0.0166887566447258,0.0798816904425621
regulatory_histone,42,23,0.0165251940488815,0.0803666487336158
regulatory_histone,42,24,0.0165205411612987,0.0806764811277389
regulatory_histone,42,25,0.0163482446223497,0.0794011875987052
regulatory_histone,42,26,0.0163579415529966,0.0790948942303657
regulatory_histone,42,27,0.0163576267659664,0.0794461742043495
regulatory_histone,42,28,0.016315696761012,0.0793585702776908
regulatory_histone,42,29,0.01622917316854,0.0792090371251106
regulatory_histone,42,30,0.0162357687950134,0.0790342763066291
regulatory_histone,42,31,0.0162482932209968,0.0789836570620536
regulatory_histone,42,32,0.0162539891898632,0.0795623809099197
regulatory_histone,42,33,0.0161830019205808,0.0790894031524658
regulatory_histone,42,34,0.0160828884691,0.0782831162214279
regulatory_histone,42,35,0.0161125753074884,0.0790334865450859
regulatory_histone,42,36,0.0160812456160783,0.0782829597592353
regulatory_histone,42,37,0.0159965585917234,0.0784227326512336
regulatory_histone,42,38,0.016015937551856,0.0790359526872634
regulatory_histone,42,39,0.0159559324383735,0.0782992616295814
regulatory_histone,42,40,0.0158722046762704,0.0783100202679634
regulatory_histone,42,41,0.0159151758998632,0.0787078514695167
regulatory_histone,42,42,0.0158833973109722,0.0784833654761314
regulatory_histone,42,43,0.0158476997166872,0.0782532319426536
regulatory_histone,42,44,0.0158420298248529,0.0784040763974189
regulatory_histone,42,45,0.0158462841063737,0.0779886841773986
regulatory_histone,42,46,0.0158508941531181,0.0776573345065116
regulatory_histone,42,47,0.0157986376434564,0.0783805772662162
regulatory_histone,42,48,0.0157704129815101,0.0781843140721321
regulatory_histone,42,49,0.015787735581398,0.078000970184803
regulatory_histone,42,50,0.0157489459961652,0.0780991315841674
regulatory_histone,42,51,0.0157691165804862,0.0776365101337432
regulatory_histone,42,52,0.0158812347799539,0.0777132883667945
regulatory_histone,42,53,0.0156873483210802,0.0780282244086265
regulatory_histone,42,54,0.0156963355839252,0.0779644325375557
regulatory_histone,42,55,0.0156216649338603,0.0770957618951797
regulatory_histone,42,56,0.0156315863132476,0.0773399695754051
regulatory_histone,42,57,0.0156281422823667,0.0774809420108795
regulatory_histone,42,58,0.0156129924580454,0.0772674828767776
regulatory_histone,42,59,0.0155779644846916,0.077433593571186
regulatory_histone,42,60,0.0155554646626114,0.0771168246865272
regulatory_histone,42,61,0.0155364163219928,0.0769721120595932
regulatory_histone,42,62,0.0155120613053441,0.0771675854921341
regulatory_histone,42,63,0.0155100394040346,0.0773355960845947
regulatory_histone,42,64,0.0154898772016167,0.0768380314111709
regulatory_histone,42,65,0.0154782049357891,0.0773461833596229
regulatory_histone,42,66,0.0155444703996181,0.0766323283314704
regulatory_histone,42,67,0.0154344150796532,0.0766072794795036
regulatory_histone,42,68,0.015460355207324,0.076990932226181
regulatory_histone,42,69,0.0155122503638267,0.0774030014872551
regulatory_histone,42,70,0.0154324555769562,0.077228806912899
regulatory_histone,42,71,0.0154030360281467,0.0764583945274353
regulatory_histone,42,72,0.0153888063505291,0.0766474157571792
regulatory_histone,42,73,0.0154387392103672,0.0763057991862297
regulatory_histone,42,74,0.0153955444693565,0.0766486898064613
regulatory_histone,42,75,0.0153763070702552,0.0770647749304771
regulatory_histone,42,76,0.0153712667524814,0.0767245441675186
regulatory_histone,42,77,0.0153267895802855,0.0763211548328399
regulatory_histone,42,78,0.0153861166909337,0.0770452320575714
regulatory_histone,42,79,0.015366836450994,0.0764846056699752
regulatory_histone_dnase,42,0,0.0204969309270381,0.0903063267469406
regulatory_histone_dnase,42,1,0.0191139113157987,0.0878127515316009
regulatory_histone_dnase,42,2,0.0189292598515748,0.0863474011421203
regulatory_histone_dnase,42,3,0.0188346523791551,0.0871299356222152
regulatory_histone_dnase,42,4,0.0181650109589099,0.0850768908858299
regulatory_histone_dnase,42,5,0.0177371259778738,0.0837185382843017
regulatory_histone_dnase,42,6,0.0173413027077913,0.0822796896100044
regulatory_histone_dnase,42,7,0.0172058269381523,0.0814941003918647
regulatory_histone_dnase,42,8,0.017166394740343,0.0808413326740264
regulatory_histone_dnase,42,9,0.0170478783547878,0.0821370482444763
regulatory_histone_dnase,42,10,0.0170695036649703,0.0809690505266189
regulatory_histone_dnase,42,11,0.0169467572122812,0.0822550803422927
regulatory_histone_dnase,42,12,0.0169385895133018,0.0813682973384857
regulatory_histone_dnase,42,13,0.016850221902132,0.0807559043169021
regulatory_histone_dnase,42,14,0.0168355461210012,0.0803149491548538
regulatory_histone_dnase,42,15,0.0166943278163671,0.0808667913079261
regulatory_histone_dnase,42,16,0.0166749339550733,0.080214999616146
regulatory_histone_dnase,42,17,0.0166203994303941,0.0806594714522361
regulatory_histone_dnase,42,18,0.0164872221648693,0.0801597908139228
regulatory_histone_dnase,42,19,0.0164427012205123,0.0794416591525077
regulatory_histone_dnase,42,20,0.0164546184241771,0.0800166502594947
regulatory_histone_dnase,42,21,0.0162818990647792,0.079252541065216
regulatory_histone_dnase,42,22,0.0163454730063676,0.0792578756809234
regulatory_histone_dnase,42,23,0.0162257049232721,0.0794011205434799
regulatory_histone_dnase,42,24,0.0161417704075574,0.079050675034523
regulatory_histone_dnase,42,25,0.0160833578556776,0.0788018703460693
regulatory_histone_dnase,42,26,0.0161196310073137,0.0786125659942627
regulatory_histone_dnase,42,27,0.0160603448748588,0.0785768404603004
regulatory_histone_dnase,42,28,0.016016224399209,0.0784264206886291
regulatory_histone_dnase,42,29,0.0159588754177093,0.0782745406031608
regulatory_histone_dnase,42,30,0.0159221179783344,0.0781512260437011
regulatory_histone_dnase,42,31,0.0160082038491964,0.0782356336712837
regulatory_histone_dnase,42,32,0.0159798357635736,0.0787459090352058
regulatory_histone_dnase,42,33,0.0158848594874143,0.0780172944068908
regulatory_histone_dnase,42,34,0.0158272068947553,0.0775040462613105
regulatory_histone_dnase,42,35,0.0158334150910377,0.0779759809374809
regulatory_histone_dnase,42,36,0.0158120561391115,0.0773739293217659
regulatory_histone_dnase,42,37,0.0157447159290313,0.0772619619965553
regulatory_histone_dnase,42,38,0.0157160367816686,0.0780353769659996
regulatory_histone_dnase,42,39,0.015663618221879,0.077542521059513
regulatory_histone_dnase,42,40,0.0156123861670494,0.0774403512477874
regulatory_histone_dnase,42,41,0.0156559627503156,0.0777317956089973
regulatory_histone_dnase,42,42,0.0155824730172753,0.0772598311305046
regulatory_histone_dnase,42,43,0.0155869862064719,0.07708440721035
regulatory_histone_dnase,42,44,0.015554510988295,0.0773573592305183
regulatory_histone_dnase,42,45,0.0155765172094106,0.0772567093372345
regulatory_histone_dnase,42,46,0.0155889661982655,0.0769766494631767
regulatory_histone_dnase,42,47,0.015515518374741,0.0775535330176353
regulatory_histone_dnase,42,48,0.015488551929593,0.0772251933813095
regulatory_histone_dnase,42,49,0.015468331053853,0.07709451764822
regulatory_histone_dnase,42,50,0.0154821649193763,0.0774289146065712
regulatory_histone_dnase,42,51,0.0154853733256459,0.0769842714071273
regulatory_histone_dnase,42,52,0.0156088145449757,0.0770629867911338
regulatory_histone_dnase,42,53,0.015406041406095,0.07698455452919
regulatory_histone_dnase,42,54,0.0154185025021433,0.0767181888222694
regulatory_histone_dnase,42,55,0.0153337214142084,0.0760796442627906
regulatory_histone_dnase,42,56,0.0153585029765963,0.0766044929623603
regulatory_histone_dnase,42,57,0.0153199853375554,0.0764228031039238
regulatory_histone_dnase,42,58,0.0153206372633576,0.0763755440711975
regulatory_histone_dnase,42,59,0.0152872251346707,0.0767764449119567
regulatory_histone_dnase,42,60,0.0152519764378666,0.0760451853275299
regulatory_histone_dnase,42,61,0.015263951383531,0.0761168897151947
regulatory_histone_dnase,42,62,0.0152470041066408,0.0763029903173446
regulatory_histone_dnase,42,63,0.0152331003919243,0.0766384452581405
regulatory_histone_dnase,42,64,0.015217556618154,0.0758807435631752
regulatory_histone_dnase,42,65,0.0152071323245763,0.0766479521989822
regulatory_histone_dnase,42,66,0.0152504239231348,0.0756699070334434
regulatory_histone_dnase,42,67,0.0151693020015954,0.0759087353944778
regulatory_histone_dnase,42,68,0.0152059607207775,0.0762153789401054
regulatory_histone_dnase,42,69,0.015200444497168,0.0760977938771247
regulatory_histone_dnase,42,70,0.0151507249101996,0.0759883522987365
regulatory_histone_dnase,42,71,0.0151276737451553,0.0755804106593132
regulatory_histone_dnase,42,72,0.0151101220399141,0.0759182348847389
regulatory_histone_dnase,42,73,0.015168004669249,0.0752892419695854
regulatory_histone_dnase,42,74,0.0151180978864431,0.0756848901510238
regulatory_histone_dnase,42,75,0.0151073019951581,0.0762282535433769
regulatory_histone_dnase,42,76,0.0151116028428077,0.0760306045413017
regulatory_histone_dnase,42,77,0.0150787569582462,0.075281836092472
regulatory_histone_dnase,42,78,0.0150920646265149,0.0761389657855033
regulatory_histone_dnase,42,79,0.0150899915024638,0.0756528303027153
regulatory_clean,42,0,0.0204777605831623,0.0902696698904037
regulatory_clean,42,1,0.0191041734069585,0.0881147384643554
regulatory_clean,42,2,0.0189027115702629,0.0862692967057228
regulatory_clean,42,3,0.0187224876135587,0.0861378610134124
regulatory_clean,42,4,0.0180958602577447,0.0845954865217208
regulatory_clean,42,5,0.0176313035190105,0.0829644948244094
regulatory_clean,42,6,0.0173399485647678,0.0823712199926376
regulatory_clean,42,7,0.0171797182410955,0.0814143791794776
regulatory_clean,42,8,0.017121260985732,0.080611303448677
regulatory_clean,42,9,0.016997942700982,0.0825305432081222
regulatory_clean,42,10,0.0169963780790567,0.0804980546236038
regulatory_clean,42,11,0.0168516337871551,0.0818210989236831
regulatory_clean,42,12,0.0168353281915187,0.0811168700456619
regulatory_clean,42,13,0.0167178288102149,0.0804104954004287
regulatory_clean,42,14,0.0166769083589315,0.0798534676432609
regulatory_clean,42,15,0.0165828019380569,0.0805615708231926
regulatory_clean,42,16,0.0165437199175357,0.0798811987042427
regulatory_clean,42,17,0.016430914402008,0.0802437663078308
regulatory_clean,42,18,0.0163853876292705,0.0798792466521263
regulatory_clean,42,19,0.0162778161466121,0.0789925381541252
regulatory_clean,42,20,0.016299020498991,0.0795070677995681
regulatory_clean,42,21,0.0161582604050636,0.0791520848870277
regulatory_clean,42,22,0.01625831797719,0.078750304877758
regulatory_clean,42,23,0.0160984937101602,0.0790793672204017
regulatory_clean,42,24,0.0161032807081937,0.0792203247547149
regulatory_clean,42,25,0.0159702412784099,0.0782786533236503
regulatory_clean,42,26,0.0160277094691991,0.0783314406871795
regulatory_clean,42,27,0.0159450862556695,0.0783614143729209
regulatory_clean,42,28,0.0159186758100986,0.0782735049724578
regulatory_clean,42,29,0.0158503949642181,0.0776682347059249
regulatory_clean,42,30,0.0158382970839738,0.0779176279902458
regulatory_clean,42,31,0.0158510487526655,0.0777855515480041
regulatory_clean,42,32,0.0158435814082622,0.0783759206533432
regulatory_clean,42,33,0.0157977547496557,0.0776763334870338
regulatory_clean,42,34,0.0156973991543054,0.0769756361842155
regulatory_clean,42,35,0.0157708786427974,0.0777695327997207
regulatory_clean,42,36,0.0157469157129526,0.0772559121251106
regulatory_clean,42,37,0.0156336762011051,0.0772299170494079
regulatory_clean,42,38,0.0155959427356719,0.0777827054262161
regulatory_clean,42,39,0.015565974637866,0.0770457684993743
regulatory_clean,42,40,0.0155159384012222,0.0771623700857162
regulatory_clean,42,41,0.0155238537117838,0.0774295479059219
regulatory_clean,42,42,0.0155076021328568,0.0770896300673484
regulatory_clean,42,43,0.0155145935714244,0.0768396183848381
regulatory_clean,42,44,0.0154677685350179,0.0770789980888366
regulatory_clean,42,45,0.015504059381783,0.0769828781485557
regulatory_clean,42,46,0.0155216064304113,0.0767790302634239
regulatory_clean,42,47,0.0154390847310423,0.07725241035223
regulatory_clean,42,48,0.0154047841206192,0.0769909620285034
regulatory_clean,42,49,0.0153883891180157,0.07675451785326
regulatory_clean,42,50,0.0153800817206501,0.0769662111997604
regulatory_clean,42,51,0.0154321594163775,0.0765957161784172
regulatory_clean,42,52,0.0154351592063903,0.0767387300729751
regulatory_clean,42,53,0.0153575902804732,0.0768860727548599
regulatory_clean,42,54,0.0153760518878698,0.0765724927186966
regulatory_clean,42,55,0.0152587192133069,0.0760198682546615
regulatory_clean,42,56,0.0152694806456565,0.0761406421661377
regulatory_clean,42,57,0.0152699798345565,0.0763164311647415
regulatory_clean,42,58,0.0152582051232457,0.0763528123497963
regulatory_clean,42,59,0.0152156883850693,0.0763479843735694
regulatory_clean,42,60,0.0151983853429555,0.0760806873440742
regulatory_clean,42,61,0.0151995737105607,0.0758796632289886
regulatory_clean,42,62,0.0151731539517641,0.0758952051401138
regulatory_clean,42,63,0.0151896812021732,0.0767722651362419
regulatory_clean,42,64,0.01515684556216,0.0756944715976715
regulatory_clean,42,65,0.0151785369962453,0.0764321908354759
regulatory_clean,42,66,0.0151983816176652,0.0757144913077354
regulatory_clean,42,67,0.0151234148070216,0.0756028145551681
regulatory_clean,42,68,0.0151325613260269,0.0758341401815414
regulatory_clean,42,69,0.0151792457327246,0.0759758204221725
regulatory_clean,42,70,0.0150726959109306,0.0758818387985229
regulatory_clean,42,71,0.0150873912498354,0.0752341598272323
regulatory_clean,42,72,0.0150600718334317,0.0755586847662925
regulatory_clean,42,73,0.0151076288893818,0.0751256346702575
regulatory_clean,42,74,0.015053641051054,0.0754091367125511
regulatory_clean,42,75,0.0150446835905313,0.0759602487087249
regulatory_clean,42,76,0.0150302834808826,0.075636401772499
regulatory_clean,42,77,0.0149974348023533,0.0752785056829452
regulatory_clean,42,78,0.0150415133684873,0.0758621767163276
regulatory_clean,42,79,0.0150269800797104,0.0756136253476142
regulatory_histone,97,0,0.0205062255263328,0.0903742536902427
regulatory_histone,97,1,0.0191600304096937,0.0880800038576126
regulatory_histone,97,2,0.0189683139324188,0.086402028799057
regulatory_histone,97,3,0.0188365969806909,0.086628682911396
regulatory_histone,97,4,0.0182902105152606,0.0856711864471435
regulatory_histone,97,5,0.0180329903960227,0.0843959227204322
regulatory_histone,97,6,0.0177216697484254,0.0835796520113945
regulatory_histone,97,7,0.0174680706113576,0.0821607038378715
regulatory_histone,97,8,0.0174236129969358,0.0814400166273117
regulatory_histone,97,9,0.0172629468142986,0.0832779332995414
regulatory_histone,97,10,0.01732037961483,0.0816457942128181
regulatory_histone,97,11,0.0171868298202753,0.0826854482293129
regulatory_histone,97,12,0.0172091927379369,0.0820860192179679
regulatory_histone,97,13,0.0170406736433506,0.0814033225178718
regulatory_histone,97,14,0.0169787742197513,0.0807772725820541
regulatory_histone,97,15,0.0169168002903461,0.0814255774021148
regulatory_histone,97,16,0.0169174280017614,0.0809456184506416
regulatory_histone,97,17,0.016816172748804,0.0812339037656784
regulatory_histone,97,18,0.0167259592562913,0.0809514299035072
regulatory_histone,97,19,0.0166498031467199,0.0803825631737709
regulatory_histone,97,20,0.0166558995842933,0.0807765275239944
regulatory_histone,97,21,0.0165573004633188,0.0804934874176979
regulatory_histone,97,22,0.0166655741631984,0.0800036117434501
regulatory_histone,97,23,0.0164972841739654,0.0802280008792877
regulatory_histone,97,24,0.0164703465998172,0.08052958548069
regulatory_histone,97,25,0.0163337290287017,0.0795182883739471
regulatory_histone,97,26,0.0163926500827074,0.0792914181947708
regulatory_histone,97,27,0.0163380373269319,0.0794639438390731
regulatory_histone,97,28,0.0162781383842229,0.0794690996408462
regulatory_histone,97,29,0.0162126123905181,0.0790538936853408
regulatory_histone,97,30,0.0162005126476287,0.0790522024035453
regulatory_histone,97,31,0.0162065960466861,0.0791035741567611
regulatory_histone,97,32,0.0161987654864788,0.0791772380471229
regulatory_histone,97,33,0.0161292627453804,0.0787916779518127
regulatory_histone,97,34,0.0160980951040983,0.0781448632478714
regulatory_histone,97,35,0.016082189977169,0.0789616107940673
regulatory_histone,97,36,0.0160645935684442,0.0783355012536048
regulatory_histone,97,37,0.015964200720191,0.0785112231969833
regulatory_histone,97,38,0.015980064868927,0.0788587033748626
regulatory_histone,97,39,0.0159188713878393,0.0784104540944099
regulatory_histone,97,40,0.0158647187054157,0.0783604308962822
regulatory_histone,97,41,0.0158922281116247,0.0785721391439437
regulatory_histone,97,42,0.0158607941120862,0.0783788412809372
regulatory_histone,97,43,0.0158546213060617,0.0781227052211761
regulatory_histone,97,44,0.0158066526055336,0.0781159773468971
regulatory_histone,97,45,0.015828788280487,0.0779142081737518
regulatory_histone,97,46,0.015862138941884,0.0777069255709648
regulatory_histone,97,47,0.0157726071774959,0.0783709362149238
regulatory_histone,97,48,0.0157514549791812,0.0781646072864532
regulatory_histone,97,49,0.0157380234450101,0.0777591913938522
regulatory_histone,97,50,0.0157211441546678,0.0781229883432388
regulatory_histone,97,51,0.0157565549015998,0.0776673331856727
regulatory_histone,97,52,0.0158319640904665,0.0777432024478912
regulatory_histone,97,53,0.0157343726605176,0.0781249478459358
regulatory_histone,97,54,0.0156713984906673,0.0778190940618515
regulatory_histone,97,55,0.0156121011823415,0.0770918428897857
regulatory_histone,97,56,0.0156072964891791,0.0773829966783523
regulatory_histone,97,57,0.0156111447140574,0.0772604346275329
regulatory_histone,97,58,0.0156039241701364,0.0771890953183174
regulatory_histone,97,59,0.0155569314956665,0.077386774122715
regulatory_histone,97,60,0.01555020455271,0.077212668955326
regulatory_histone,97,61,0.0155432773754,0.0769123509526252
regulatory_histone,97,62,0.0155234662815928,0.0772621780633926
regulatory_histone,97,63,0.0154879828914999,0.0771945714950561
regulatory_histone,97,64,0.0154816918075084,0.0768446773290634
regulatory_histone,97,65,0.0155086182057857,0.077376551926136
regulatory_histone,97,66,0.0155412936583161,0.0766201242804527
regulatory_histone,97,67,0.0154437003657221,0.0765184462070465
regulatory_histone,97,68,0.0154742859303951,0.0771853700280189
regulatory_histone,97,69,0.015478016808629,0.0772259607911109
regulatory_histone,97,70,0.0154520794749259,0.0773533210158348
regulatory_histone,97,71,0.0154123371466994,0.0764912366867065
regulatory_histone,97,72,0.015399195253849,0.0766417905688285
regulatory_histone,97,73,0.0154244042932987,0.076408602297306
regulatory_histone,97,74,0.015396143309772,0.0766861215233802
regulatory_histone,97,75,0.015390807762742,0.0770446434617042
regulatory_histone,97,76,0.0153766833245754,0.0768602937459945
regulatory_histone,97,77,0.0153591865673661,0.076313316822052
regulatory_histone,97,78,0.0153939491137862,0.076989084482193
regulatory_histone,97,79,0.0153589155524969,0.0766103789210319
regulatory_histone_dnase,97,0,0.0204958952963352,0.0903444364666938
regulatory_histone_dnase,97,1,0.019198564812541,0.0883026868104934
regulatory_histone_dnase,97,2,0.0189018994569778,0.086277961730957
regulatory_histone_dnase,97,3,0.0187112390995025,0.0862705409526825
regulatory_histone_dnase,97,4,0.0181880071759223,0.0851646363735199
regulatory_histone_dnase,97,5,0.0176907870918512,0.0837378427386283
regulatory_histone_dnase,97,6,0.0173901375383138,0.082571342587471
regulatory_histone_dnase,97,7,0.017233557999134,0.0814633518457412
regulatory_histone_dnase,97,8,0.0172084085643291,0.0809709653258323
regulatory_histone_dnase,97,9,0.0170565359294414,0.0824979543685913
regulatory_histone_dnase,97,10,0.0171009413897991,0.0809873193502426
regulatory_histone_dnase,97,11,0.0169515721499919,0.0819408968091011
regulatory_histone_dnase,97,12,0.0169467851519584,0.0815138593316078
regulatory_histone_dnase,97,13,0.0168124716728925,0.0807698741555213
regulatory_histone_dnase,97,14,0.0167777594178915,0.0801683515310287
regulatory_histone_dnase,97,15,0.0166824497282505,0.0807579606771469
regulatory_histone_dnase,97,16,0.0166495200246572,0.0801378935575485
regulatory_histone_dnase,97,17,0.0165796615183353,0.0806694626808166
regulatory_histone_dnase,97,18,0.0165011715143919,0.0800842270255088
regulatory_histone_dnase,97,19,0.0164350178092718,0.0793785005807876
regulatory_histone_dnase,97,20,0.0164289437234401,0.0797603651881218
regulatory_histone_dnase,97,21,0.0162790417671203,0.0793969482183456
regulatory_histone_dnase,97,22,0.0164077412337064,0.0793493092060089
regulatory_histone_dnase,97,23,0.016233667731285,0.0793001428246498
regulatory_histone_dnase,97,24,0.0161688216030597,0.0794974565505981
regulatory_histone_dnase,97,25,0.0160753950476646,0.0788444057106971
regulatory_histone_dnase,97,26,0.0161119904369115,0.0788075700402259
regulatory_histone_dnase,97,27,0.0160788632929325,0.0785633400082588
regulatory_histone_dnase,97,28,0.016009347513318,0.0785375162959098
regulatory_histone_dnase,97,29,0.0159525014460086,0.0781885534524917
regulatory_histone_dnase,97,30,0.0159318260848522,0.0781176313757896
regulatory_histone_dnase,97,31,0.0159371271729469,0.0781541392207145
regulatory_histone_dnase,97,32,0.0159594416618347,0.0786348134279251
regulatory_histone_dnase,97,33,0.0158561989665031,0.0779342800378799
regulatory_histone_dnase,97,34,0.0158310700207948,0.0774101987481117
regulatory_histone_dnase,97,35,0.0158278755843639,0.0781283527612686
regulatory_histone_dnase,97,36,0.015865446999669,0.0777947083115577
regulatory_histone_dnase,97,37,0.0157329160720109,0.0774277001619339
regulatory_histone_dnase,97,38,0.0157058276236057,0.07809729129076
regulatory_histone_dnase,97,39,0.0156587734818458,0.0773099362850189
regulatory_histone_dnase,97,40,0.015601085498929,0.0774376764893531
regulatory_histone_dnase,97,41,0.0156554467976093,0.0779306963086128
regulatory_histone_dnase,97,42,0.0155985793098807,0.0774937123060226
regulatory_histone_dnase,97,43,0.0155643783509731,0.077193446457386
regulatory_histone_dnase,97,44,0.015531426295638,0.0772370174527168
regulatory_histone_dnase,97,45,0.0155752394348382,0.0772972032427787
regulatory_histone_dnase,97,46,0.0155677795410156,0.0768996700644493
regulatory_histone_dnase,97,47,0.0155096119269728,0.0775551199913024
regulatory_histone_dnase,97,48,0.0154789388179779,0.0772728323936462
regulatory_histone_dnase,97,49,0.015453434549272,0.0769118592143058
regulatory_histone_dnase,97,50,0.0154668362811207,0.0773042142391204
regulatory_histone_dnase,97,51,0.015490461140871,0.0768466517329216
regulatory_histone_dnase,97,52,0.0155912144109606,0.0770624727010726
regulatory_histone_dnase,97,53,0.0154092162847518,0.077145367860794
regulatory_histone_dnase,97,54,0.0154449278488755,0.0767696276307106
regulatory_histone_dnase,97,55,0.0153611600399017,0.0761256143450737
regulatory_histone_dnase,97,56,0.0153667451813817,0.0766249299049377
regulatory_histone_dnase,97,57,0.015330578200519,0.0763912796974182
regulatory_histone_dnase,97,58,0.0153361316770315,0.0764110758900642
regulatory_histone_dnase,97,59,0.0152961919084191,0.0766055285930633
regulatory_histone_dnase,97,60,0.015266160480678,0.0761448889970779
regulatory_histone_dnase,97,61,0.0152649041265249,0.0759118124842643
regulatory_histone_dnase,97,62,0.0152316251769661,0.0762063786387443
regulatory_histone_dnase,97,63,0.0152423726394772,0.0766642615199089
regulatory_histone_dnase,97,64,0.0152518637478351,0.0758251473307609
regulatory_histone_dnase,97,65,0.0152247566729784,0.0766431465744972
regulatory_histone_dnase,97,66,0.0152775552123785,0.0758638232946395
regulatory_histone_dnase,97,67,0.0151838073506951,0.0758685618638992
regulatory_histone_dnase,97,68,0.0151846287772059,0.0761092528700828
regulatory_histone_dnase,97,69,0.015240678563714,0.0762050673365593
regulatory_histone_dnase,97,70,0.0151555612683296,0.0761710405349731
regulatory_histone_dnase,97,71,0.015150774270296,0.0756596103310585
regulatory_histone_dnase,97,72,0.0151429269462823,0.0759244412183761
regulatory_histone_dnase,97,73,0.0151858273893594,0.0754284188151359
regulatory_histone_dnase,97,74,0.0151384184136986,0.0759981423616409
regulatory_histone_dnase,97,75,0.0151403294876217,0.0766130983829498
regulatory_histone_dnase,97,76,0.0151197500526905,0.0760951191186904
regulatory_histone_dnase,97,77,0.0150721948593854,0.075466401875019
regulatory_histone_dnase,97,78,0.0151019915938377,0.076131947338581
regulatory_histone_dnase,97,79,0.015087834559381,0.0756174996495246
regulatory_clean,97,0,0.0204759985208511,0.0903519764542579
regulatory_clean,97,1,0.0190940350294113,0.0879502817988395
regulatory_clean,97,2,0.0188946276903152,0.0861620232462883
regulatory_clean,97,3,0.0187170282006263,0.0859871208667755
regulatory_clean,97,4,0.0181213188916444,0.0851125717163086
regulatory_clean,97,5,0.0178751852363348,0.0842552930116653
regulatory_clean,97,6,0.0174199640750885,0.0827549323439598
regulatory_clean,97,7,0.0172350835055112,0.0814853385090828
regulatory_clean,97,8,0.0171341560781002,0.0810809060931205
regulatory_clean,97,9,0.0170059092342853,0.0821335390210151
regulatory_clean,97,10,0.0171015989035367,0.0807196125388145
regulatory_clean,97,11,0.0169241428375244,0.0818540751934051
regulatory_clean,97,12,0.0169016160070896,0.0814294442534446
regulatory_clean,97,13,0.0167852360755205,0.0804002955555915
regulatory_clean,97,14,0.016762901097536,0.0799596831202507
regulatory_clean,97,15,0.0166183561086654,0.0804445222020149
regulatory_clean,97,16,0.0166047420352697,0.0800284892320633
regulatory_clean,97,17,0.0165304597467184,0.0805780068039894
regulatory_clean,97,18,0.0164432842284441,0.0799931213259697
regulatory_clean,97,19,0.016364375129342,0.0792944431304931
regulatory_clean,97,20,0.016414001584053,0.0796659514307975
regulatory_clean,97,21,0.0162197090685367,0.0792664811015129
regulatory_clean,97,22,0.0162641033530235,0.0787213370203971
regulatory_clean,97,23,0.0161703769117593,0.0791694074869155
regulatory_clean,97,24,0.0161233954131603,0.0789812356233596
regulatory_clean,97,25,0.0160258244723081,0.0785750374197959
regulatory_clean,97,26,0.0160800050944089,0.0785922929644584
regulatory_clean,97,27,0.015969568863511,0.0782316625118255
regulatory_clean,97,28,0.0159524101763963,0.0782578215003013
regulatory_clean,97,29,0.0158953443169593,0.078010655939579
regulatory_clean,97,30,0.0158934537321329,0.0780006200075149
regulatory_clean,97,31,0.0158528573811054,0.0778749883174896
regulatory_clean,97,32,0.0158134792000055,0.0784229040145874
regulatory_clean,97,33,0.0158231854438781,0.0778130888938903
regulatory_clean,97,34,0.0157811921089887,0.0771359056234359
regulatory_clean,97,35,0.0157883875072002,0.0778608620166778
regulatory_clean,97,36,0.0157616566866636,0.0772103667259216
regulatory_clean,97,37,0.0156722124665975,0.0772798135876655
regulatory_clean,97,38,0.0156414471566677,0.0779051110148429
regulatory_clean,97,39,0.0155908148735761,0.0771817192435264
regulatory_clean,97,40,0.0155397718772292,0.0772219821810722
regulatory_clean,97,41,0.0155717581510543,0.0773922801017761
regulatory_clean,97,42,0.0155254816636443,0.0773877725005149
regulatory_clean,97,43,0.0155067900195717,0.0771091431379318
regulatory_clean,97,44,0.0154849234968423,0.0771898925304412
regulatory_clean,97,45,0.0155135551467537,0.0767931044101715
regulatory_clean,97,46,0.0155419139191508,0.0765939876437187
regulatory_clean,97,47,0.0154463425278663,0.077310025691986
regulatory_clean,97,48,0.0154246976599097,0.0768997743725776
regulatory_clean,97,49,0.0153931453824043,0.0766512006521225
regulatory_clean,97,50,0.0153764942660927,0.0770565494894981
regulatory_clean,97,51,0.0154080297797918,0.0765133947134018
regulatory_clean,97,52,0.0154597945511341,0.076801061630249
regulatory_clean,97,53,0.0153327789157629,0.076792262494564
regulatory_clean,97,54,0.0153493853285908,0.076432816684246
regulatory_clean,97,55,0.0152685148641467,0.0759322568774223
regulatory_clean,97,56,0.0152676310390234,0.0760465785861015
regulatory_clean,97,57,0.015265398658812,0.076193630695343
regulatory_clean,97,58,0.0152803305536508,0.0761930048465728
regulatory_clean,97,59,0.0152437202632427,0.076481357216835
regulatory_clean,97,60,0.0152155132964253,0.0760620236396789
regulatory_clean,97,61,0.015193517319858,0.0756388828158378
regulatory_clean,97,62,0.0151839554309844,0.0759156569838523
regulatory_clean,97,63,0.0151678249239921,0.0765362232923507
regulatory_clean,97,64,0.0151633527129888,0.0757176950573921
regulatory_clean,97,65,0.0151724182069301,0.0763592794537544
regulatory_clean,97,66,0.0152017213404178,0.075671449303627
regulatory_clean,97,67,0.015121485106647,0.0756254494190216
regulatory_clean,97,68,0.0151314521208405,0.0758192539215087
regulatory_clean,97,69,0.0151430098339915,0.0759186446666717
regulatory_clean,97,70,0.0150865986943244,0.0760351493954658
regulatory_clean,97,71,0.015082124620676,0.075283482670784
regulatory_clean,97,72,0.0150729613378643,0.0756624937057495
regulatory_clean,97,73,0.0151513190940022,0.0752053707838058
regulatory_clean,97,74,0.0150682963430881,0.0754785910248756
regulatory_clean,97,75,0.0150602543726563,0.0762591212987899
regulatory_clean,97,76,0.0150389438495039,0.0754554569721221
regulatory_clean,97,77,0.0150027181953191,0.0752699077129364
regulatory_clean,97,78,0.0150389885529875,0.0759232938289642
regulatory_clean,97,79,0.0150266913697123,0.0753938257694244
