arm,seed,mask_fraction,mse,mae,mas_pcc,mac_pcc
regulatory_histone_dnase,17,0.15,0.0145648382604122,0.074285089969635,0.9451426879634144,0.3404779047344947
regulatory_histone_dnase,17,0.3,0.0147864166647195,0.0748472511768341,0.9441815888921614,0.350969820455291
regulatory_histone_dnase,17,0.5,0.01478614192456,0.0748730301856994,0.9443885823099692,0.3690739860497249
regulatory_histone_dnase,17,0.7,0.0148599036037921,0.0751004144549369,0.9440951989411164,0.3809033210020886
regulatory_histone_dnase,17,0.9,0.0154750803485512,0.0767155066132545,0.941898542585624,0.383082863912848
regulatory_histone_dnase,42,0.15,0.0145685905590653,0.0742888450622558,0.9450974138001192,0.3384363614462928
regulatory_histone_dnase,42,0.3,0.0147878620773553,0.0748326554894447,0.9441411210269262,0.3549144196092774
regulatory_histone_dnase,42,0.5,0.0147738261148333,0.0748055502772331,0.9444056080677294,0.3724254395217794
regulatory_histone_dnase,42,0.7,0.0148643013089895,0.0750665590167045,0.9440520149826996,0.3850303485438193
regulatory_histone_dnase,42,0.9,0.0154751520603895,0.076706938445568,0.9418787254692468,0.3861920572322337
regulatory_histone_dnase,97,0.15,0.0145637327805161,0.0745212584733963,0.9451216816052278,0.3357168934678584
regulatory_histone_dnase,97,0.3,0.0147914020344614,0.0750383660197258,0.9441527881022826,0.3505849193819531
regulatory_histone_dnase,97,0.5,0.0147917857393622,0.0750778466463089,0.9443129819320109,0.3646110341631667
regulatory_histone_dnase,97,0.7,0.0148591250181198,0.0752696394920349,0.9440901327589714,0.3799360739690075
regulatory_histone_dnase,97,0.9,0.0154772512614727,0.0769146159291267,0.9418425368658268,0.3825995708345484
functional_annotations_pca,17,0.15,0.0145242800936102,0.07426468282938,0.9453257941721545,0.3451346328810925
functional_annotations_pca,17,0.3,0.0147127816453576,0.0747258961200714,0.9444743773929992,0.3562208184040895
functional_annotations_pca,17,0.5,0.0147179383784532,0.0747616812586784,0.9446154529287316,0.3704775683865377
functional_annotations_pca,17,0.7,0.0147929824888706,0.0749615058302879,0.9443543796807412,0.3855633881309596
functional_annotations_pca,17,0.9,0.0153811844065785,0.0766079053282737,0.9422034620569532,0.3869450480422733
functional_annotations_pca,42,0.15,0.0145178558304905,0.0742839500308036,0.9453011492305544,0.3447482044215496
functional_annotations_pca,42,0.3,0.0147231593728065,0.0747794657945633,0.9443800283918836,0.3558785529569801
functional_annotations_pca,42,0.5,0.0147086270153522,0.0747619569301605,0.9446328846247652,0.3722752238858267
functional_annotations_pca,42,0.7,0.0147819072008132,0.0749924480915069,0.9443498566882615,0.3856303422478071
functional_annotations_pca,42,0.9,0.0154028860852122,0.076664887368679,0.9421359775766888,0.386400528541622
functional_annotations_pca,97,0.15,0.014477651566267,0.0741489008069038,0.945475761702576,0.3446601946491534
functional_annotations_pca,97,0.3,0.0147218042984604,0.074755385518074,0.9444487186673244,0.3568053699668049
functional_annotations_pca,97,0.5,0.0146958641707897,0.0747422575950622,0.9447099137514636,0.3731958506496745
functional_annotations_pca,97,0.7,0.0147658521309494,0.0749505832791328,0.9444609589059698,0.3894001078149139
functional_annotations_pca,97,0.9,0.015373982489109,0.076530784368515,0.9422686140340314,0.3880813550994051
cpgpt_large_locus,17,0.15,0.0164811201393604,0.0800233110785484,0.937592886765796,0.3024328506261728
cpgpt_large_locus,17,0.3,0.0166472010314464,0.0804210975766182,0.9367865086281568,0.3119895202883629
cpgpt_large_locus,17,0.5,0.016661163419485,0.080488808453083,0.9369640542669108,0.3234399935965744
cpgpt_large_locus,17,0.7,0.0167428851127624,0.0806673988699913,0.9366698635396228,0.3348067032758886
cpgpt_large_locus,17,0.9,0.0171989016234874,0.0818546861410141,0.9350891099975356,0.3363868388481855
cpgpt_large_locus,42,0.15,0.0164783503860235,0.0802581161260604,0.937628658635896,0.2926123744243336
cpgpt_large_locus,42,0.3,0.0166582744568586,0.080648273229599,0.936752305408588,0.3080099737066231
cpgpt_large_locus,42,0.5,0.0166815873235464,0.0807608589529991,0.936896501363904,0.3206395778409083
cpgpt_large_locus,42,0.7,0.0167493391782045,0.080927588045597,0.9366502887069544,0.3297633957012259
cpgpt_large_locus,42,0.9,0.0172236617654562,0.0820824280381202,0.9349767312638224,0.3321171785147025
cpgpt_large_locus,97,0.15,0.0164677016437053,0.0804777890443801,0.9376883230932562,0.2928812894936349
cpgpt_large_locus,97,0.3,0.0166794545948505,0.0810174271464347,0.9367189597394818,0.3020674428489051
cpgpt_large_locus,97,0.5,0.0166738666594028,0.0809685587882995,0.9369476637190766,0.3152519807738734
cpgpt_large_locus,97,0.7,0.0167303662747144,0.0811287835240364,0.936758517597452,0.3258711752027886
cpgpt_large_locus,97,0.9,0.0171897429972887,0.0823105126619339,0.9351519804061412,0.32886776670721
deepcpg_dna_locus,17,0.15,0.0194353573024272,0.0896634086966514,0.926355383964916,0.2258923888303246
deepcpg_dna_locus,17,0.3,0.019638430327177,0.0901318788528442,0.9254099949286624,0.2308591694921097
deepcpg_dna_locus,17,0.5,0.0196219366043806,0.0900479331612587,0.9257410216373788,0.2396315616020937
deepcpg_dna_locus,17,0.7,0.0196204781532287,0.0900072380900383,0.9257539984760402,0.2486198362347569
deepcpg_dna_locus,17,0.9,0.0199601221829652,0.0907842963933944,0.9247139407710836,0.2531843909831524
deepcpg_dna_locus,42,0.15,0.0194422416388988,0.0900035724043846,0.9263713825401474,0.2244876006259361
deepcpg_dna_locus,42,0.3,0.0196374133229255,0.0904713571071624,0.9254552946086152,0.2289122809419887
deepcpg_dna_locus,42,0.5,0.0196168236434459,0.0903784707188606,0.9257957564437465,0.2391444453203964
deepcpg_dna_locus,42,0.7,0.0196175761520862,0.0903452634811401,0.925795606569864,0.2463359426284019
deepcpg_dna_locus,42,0.9,0.01992510817945,0.090978018939495,0.9248538143246948,0.2523098010652635
deepcpg_dna_locus,97,0.15,0.0194679871201515,0.0899715051054954,0.9262706401515702,0.2233759949034133
deepcpg_dna_locus,97,0.3,0.0196412298828363,0.0903879329562187,0.9254460691547874,0.2273284452966631
deepcpg_dna_locus,97,0.5,0.0196337904781103,0.0903382673859596,0.9257327790253832,0.2376784136939632
deepcpg_dna_locus,97,0.7,0.0196169223636388,0.0902654826641082,0.9257984747839468,0.2459361748772029
deepcpg_dna_locus,97,0.9,0.01992804184556,0.0909102857112884,0.92483967162098,0.2520292442834361
