seed,mask_fraction,comparator,relative_pct,ci_lo_pct,ci_hi_pct,n_patients,n_blocks
17,0.15,functional_annotations_pca,-0.2784481809062,-0.8196499154201,0.34787530470542,918,2669
17,0.15,cpgpt_large_locus,13.156920498295218,11.933598770108581,14.360583159641449,918,2669
17,0.15,deepcpg_dna_locus,33.44027800619381,31.44601318548723,35.48678819327027,918,2669
17,0.3,functional_annotations_pca,-0.49799408932024,-0.95992319133027,-0.039891411772360004,918,2680
17,0.3,cpgpt_large_locus,12.584433761526908,11.69321006258337,13.495054103860449,918,2680
17,0.3,deepcpg_dna_locus,32.81398620586453,31.11574155802968,34.57512455771535,918,2680
17,0.5,functional_annotations_pca,-0.46127056535335,-0.82244750613487,-0.12348191135046001,918,2687
17,0.5,cpgpt_large_locus,12.68093666403019,11.82960252195436,13.48628596680784,918,2687
17,0.5,deepcpg_dna_locus,32.70490492657688,31.07358976696836,34.32669839462219,918,2687
17,0.7,functional_annotations_pca,-0.45035379885465,-0.75247878984227,-0.13651145812646,918,2691
17,0.7,cpgpt_large_locus,12.67155102445664,11.95024980467108,13.41899364102613,918,2691
17,0.7,deepcpg_dna_locus,32.036357773326344,30.48078505695796,33.52605024639337,918,2691
17,0.9,functional_annotations_pca,-0.60675175237629,-0.98388085640545,-0.25643901118099,918,2691
17,0.9,cpgpt_large_locus,11.139335633151,10.373784309862149,11.87071000643606,918,2691
17,0.9,deepcpg_dna_locus,28.98235882014566,27.37323668267207,30.579726503331372,918,2691
42,0.15,functional_annotations_pca,-0.34825623257064,-0.89584875622047,0.22685817301449,918,2669
42,0.15,cpgpt_large_locus,13.10873851103778,11.941661152657609,14.28720860527704,918,2669
42,0.15,deepcpg_dna_locus,33.45312803218381,31.47735509457813,35.53413867409101,918,2669
42,0.3,functional_annotations_pca,-0.43753162333614004,-0.82959286767313,-0.04022946804278,918,2680
42,0.3,cpgpt_large_locus,12.648295250354641,11.7544253998035,13.52617189788003,918,2680
42,0.3,deepcpg_dna_locus,32.79412903457191,31.05648107005163,34.580709330772294,918,2680
42,0.5,functional_annotations_pca,-0.44131654306306,-0.76734730010581,-0.11791629475422,918,2687
42,0.5,cpgpt_large_locus,12.91312638313387,12.08585238974453,13.757421077460611,918,2687
42,0.5,deepcpg_dna_locus,32.780941188969884,31.146190064713792,34.40239189348882,918,2687
42,0.7,functional_annotations_pca,-0.55430707336131,-0.8345709715216201,-0.26910448463868003,918,2691
42,0.7,cpgpt_large_locus,12.68164981653031,11.917543474133769,13.43792698490131,918,2691
42,0.7,deepcpg_dna_locus,31.97778739570609,30.46455762941601,33.44594954054128,918,2691
42,0.9,functional_annotations_pca,-0.46697599157921,-0.80089347242821,-0.12885549096499999,918,2691
42,0.9,cpgpt_large_locus,11.298821235545981,10.54481037422792,12.0251935575308,918,2691
42,0.9,deepcpg_dna_locus,28.755490388804812,27.13135605734058,30.24958012057563,918,2691
97,0.15,functional_annotations_pca,-0.5910649453206901,-1.1311536798367299,-0.03644908935572,918,2669
97,0.15,cpgpt_large_locus,13.07336205751789,11.8187255157974,14.32481839692522,918,2669
97,0.15,deepcpg_dna_locus,33.674430452112006,31.62658358210253,35.72387120657725,918,2669
97,0.3,functional_annotations_pca,-0.47053541368505,-0.8748818337277701,-0.07604994471279,918,2680
97,0.3,cpgpt_large_locus,12.764530109493169,11.874032480041121,13.62948832375315,918,2680
97,0.3,deepcpg_dna_locus,32.788142327152094,31.072156141829538,34.54317741775386,918,2680
97,0.5,functional_annotations_pca,-0.64847892439271,-0.97026780419033,-0.34629895061642,918,2687
97,0.5,cpgpt_large_locus,12.7238113279729,11.82633448628588,13.590622063468041,918,2687
97,0.5,deepcpg_dna_locus,32.73439846500521,31.11033144132096,34.41244465880194,918,2687
97,0.7,functional_annotations_pca,-0.62772092744486,-0.8948345845154699,-0.37744671642548,918,2691
97,0.7,cpgpt_large_locus,12.59320830927505,11.84810800378626,13.37227882788628,918,2691
97,0.7,deepcpg_dna_locus,32.019357951408765,30.459640431508326,33.5569270682955,918,2691
97,0.9,functional_annotations_pca,-0.66722892799016,-0.97080767132975,-0.35651507657273,918,2691
97,0.9,cpgpt_large_locus,11.06457624681275,10.32672870037797,11.782520410232209,918,2691
97,0.9,deepcpg_dna_locus,28.756974092588827,27.154306165668952,30.35283367754589,918,2691
