split,arm,seed,mask_fraction,mse,mae,mas_pcc,mac_pcc
validation,regulatory_histone_dnase,17,0.15,0.00134192337282,0.0214906334877014,0.9953111406932388,0.2413565695435593
validation,regulatory_histone_dnase,17,0.3,0.0012138698948547,0.0210321899503469,0.995763425028709,0.25226503400451
validation,regulatory_histone_dnase,17,0.5,0.001246289582923,0.0211097504943609,0.9956586090185232,0.2366964102727924
validation,regulatory_histone_dnase,17,0.7,0.0012600229820236,0.0213271677494049,0.9956250679288464,0.2216860713686397
validation,regulatory_histone_dnase,17,0.9,0.0012630418641492,0.0214330814778804,0.9956181772787408,0.2203851794759432
validation,regulatory_histone_dnase,42,0.15,0.0013383709592744,0.0214946083724498,0.995324437001188,0.2493495747830234
validation,regulatory_histone_dnase,42,0.3,0.0012145064538344,0.0210462417453527,0.9957611470785434,0.2378770598249026
validation,regulatory_histone_dnase,42,0.5,0.0012471047230064,0.0211220439523458,0.9956568747599176,0.2218834720762
validation,regulatory_histone_dnase,42,0.7,0.0012617183383554,0.0213495567440986,0.9956199899484596,0.2233741561233108
validation,regulatory_histone_dnase,42,0.9,0.0012637209147214,0.0214413218200206,0.995616185982622,0.2216813536352291
validation,regulatory_histone_dnase,97,0.15,0.0013401350006461,0.0214877389371395,0.9953158376223906,0.2873004896547239
validation,regulatory_histone_dnase,97,0.3,0.0012122164480388,0.0210012327879667,0.9957674652619772,0.2357674215124257
validation,regulatory_histone_dnase,97,0.5,0.0012466395273804,0.0211001113057136,0.9956569259470632,0.2367685083091622
validation,regulatory_histone_dnase,97,0.7,0.0012619059998542,0.0213140826672315,0.9956181620634296,0.2257669742431206
validation,regulatory_histone_dnase,97,0.9,0.001264871796593,0.0214281175285577,0.9956097570136933,0.2277466257085245
validation,cpgpt_large_locus,17,0.15,0.0013836063444614,0.0217611752450466,0.9951630511946042,0.2970921686249536
validation,cpgpt_large_locus,17,0.3,0.001249901833944,0.0212795548141002,0.9956335166000476,0.2466458628063061
validation,cpgpt_large_locus,17,0.5,0.0012781071709468,0.0213401839137077,0.9955477942128428,0.2074016490959609
validation,cpgpt_large_locus,17,0.7,0.0012928241631016,0.0215333271771669,0.9955013781363204,0.2051061345086291
validation,cpgpt_large_locus,17,0.9,0.0012890000361949,0.0216315072029829,0.9955364589359856,0.2078470492200989
validation,cpgpt_large_locus,42,0.15,0.0013893098803237,0.0218046531081199,0.9951398110109057,0.2765206270669914
validation,cpgpt_large_locus,42,0.3,0.0012534763664007,0.0213102176785469,0.9956206284362946,0.2341769091182873
validation,cpgpt_large_locus,42,0.5,0.0012776239309459,0.0213520787656307,0.9955477568417906,0.211886029561262
validation,cpgpt_large_locus,42,0.7,0.001295001595281,0.0215657372027635,0.9954925612362772,0.2027105909068682
validation,cpgpt_large_locus,42,0.9,0.0012919133296236,0.0216405019164085,0.9955273805361644,0.2053871094487818
validation,cpgpt_large_locus,97,0.15,0.001385141047649,0.0218302141875028,0.9951564516672222,0.2886608200361782
validation,cpgpt_large_locus,97,0.3,0.0012472380185499,0.0213136710226535,0.9956439889561424,0.2371926345548929
validation,cpgpt_large_locus,97,0.5,0.0012780022807419,0.0213702116161584,0.9955482426583324,0.2145272860824089
validation,cpgpt_large_locus,97,0.7,0.0012908698990941,0.0215662717819213,0.9955080991095948,0.2109170666519142
validation,cpgpt_large_locus,97,0.9,0.0012906551128253,0.0216807536780834,0.995532048208134,0.2031799157837714
validation,deepcpg_dna_locus,17,0.15,0.0014480201061815,0.0224163141101598,0.9949567895718658,0.2257470343120234
validation,deepcpg_dna_locus,17,0.3,0.0013174331979826,0.0219713486731052,0.9954185089606564,0.1948897434785749
validation,deepcpg_dna_locus,17,0.5,0.0013493273872882,0.0220753792673349,0.995322072535502,0.1499263270700111
validation,deepcpg_dna_locus,17,0.7,0.0013604625128209,0.0222204383462667,0.9952944804304646,0.1650870485335026
validation,deepcpg_dna_locus,17,0.9,0.0013484547380357,0.0222091097384691,0.9953445319321992,0.1812709366206517
validation,deepcpg_dna_locus,42,0.15,0.0014474844792857,0.0223862752318382,0.9949692620604836,0.2761862446157399
validation,deepcpg_dna_locus,42,0.3,0.0013172423932701,0.0219298023730516,0.9954291198534576,0.1806677154360409
validation,deepcpg_dna_locus,42,0.5,0.0013487873366102,0.0220376029610633,0.9953359192844464,0.1485576553981834
validation,deepcpg_dna_locus,42,0.7,0.001359996269457,0.0221783462911844,0.9953064028790198,0.1583861608194732
validation,deepcpg_dna_locus,42,0.9,0.0013467834796756,0.0221559349447488,0.9953594263495872,0.17480908545976
validation,deepcpg_dna_locus,97,0.15,0.0014471157919615,0.0223978906869888,0.9949708501825422,0.2717990057396284
validation,deepcpg_dna_locus,97,0.3,0.0013169243466109,0.0219376869499683,0.9954309215512172,0.175136901429813
validation,deepcpg_dna_locus,97,0.5,0.0013489136472344,0.0220447052270174,0.99533582826403,0.1452356669130312
validation,deepcpg_dna_locus,97,0.7,0.0013600034872069,0.0221878290176391,0.9953069668424124,0.1615557885620226
validation,deepcpg_dna_locus,97,0.9,0.0013466632226482,0.0221644602715969,0.9953611644959608,0.1759439037695746
validation,functional_annotations_pca,17,0.15,0.0013409621315076,0.0214764047414064,0.995312513217725,0.2629188153069266
validation,functional_annotations_pca,17,0.3,0.0012127259979024,0.0210039336234331,0.9957654770183892,0.2472858673450933
validation,functional_annotations_pca,17,0.5,0.0012429638300091,0.0210752412676811,0.9956699370712836,0.2323292143545305
validation,functional_annotations_pca,17,0.7,0.0012597088934853,0.02131206728518,0.9956244037512514,0.2318554646245019
validation,functional_annotations_pca,17,0.9,0.0012610388221219,0.0213948860764503,0.9956218465076964,0.2317605938719089
validation,functional_annotations_pca,42,0.15,0.0013435364235192,0.0215251427143812,0.9953050727077792,0.2411444976983092
validation,functional_annotations_pca,42,0.3,0.0012140647741034,0.0210645608603954,0.9957638965624488,0.2210529654308771
validation,functional_annotations_pca,42,0.5,0.0012461335863918,0.0211372952908277,0.995662640179354,0.2190940198558072
validation,functional_annotations_pca,42,0.7,0.0012618758482858,0.0213680788874626,0.9956212401093498,0.2216965229430922
validation,functional_annotations_pca,42,0.9,0.001261701574549,0.0214538369327783,0.9956232231481,0.2204687519957044
validation,functional_annotations_pca,97,0.15,0.0013422961346805,0.0215199813246727,0.9953102509638848,0.2411869861985605
validation,functional_annotations_pca,97,0.3,0.0012162117054685,0.0210773106664419,0.995755842378539,0.2561858920477723
validation,functional_annotations_pca,97,0.5,0.0012459517456591,0.0211400557309389,0.9956614191474796,0.2220508178181783
validation,functional_annotations_pca,97,0.7,0.0012599505716934,0.0213585346937179,0.9956254014543237,0.2320113796839831
validation,functional_annotations_pca,97,0.9,0.0012624899391084,0.0214443579316139,0.9956179152217024,0.2296975062020774
test,regulatory_histone_dnase,17,0.15,0.0012080301530659,0.0213863104581832,0.995776187276649,0.1726128968282977
test,regulatory_histone_dnase,17,0.3,0.0013082883087918,0.0217813160270452,0.9954430113283644,0.3113043182143519
test,regulatory_histone_dnase,17,0.5,0.0013124495744705,0.021798837929964,0.9954438059530758,0.2731913398321116
test,regulatory_histone_dnase,17,0.7,0.001257712719962,0.0215398091822862,0.9956217069812168,0.248206241161605
test,regulatory_histone_dnase,17,0.9,0.0012985257199034,0.021881503984332,0.9955048420849107,0.2479646318128633
test,regulatory_histone_dnase,42,0.15,0.0012092483229935,0.0214244965463876,0.9957731244474236,0.1728402685785882
test,regulatory_histone_dnase,42,0.3,0.0013065652456134,0.0217810198664665,0.995449682111472,0.3166480331985796
test,regulatory_histone_dnase,42,0.5,0.0013150468003004,0.0218283981084823,0.995435764829236,0.2667835311969933
test,regulatory_histone_dnase,42,0.7,0.0012574337888509,0.0215511359274387,0.9956245291451956,0.247363674087249
test,regulatory_histone_dnase,42,0.9,0.0012993074487894,0.0219242610037326,0.9955023505112864,0.2488827965590452
test,regulatory_histone_dnase,97,0.15,0.0012107207439839,0.0213855691254138,0.9957652069109072,0.1937257053933754
test,regulatory_histone_dnase,97,0.3,0.0013074724702164,0.0217491388320922,0.9954457001453008,0.3039887469929366
test,regulatory_histone_dnase,97,0.5,0.0013131508603692,0.021785233169794,0.9954402892311394,0.2669551548729418
test,regulatory_histone_dnase,97,0.7,0.0012579926988109,0.0215234383940696,0.9956202863886778,0.2558713435745268
test,regulatory_histone_dnase,97,0.9,0.001296097994782,0.0218603052198886,0.9955129897952524,0.2495746458249386
test,cpgpt_large_locus,17,0.15,0.0012347734300419,0.0216318126767873,0.9956807618938736,0.2295780478552831
test,cpgpt_large_locus,17,0.3,0.0013342802412807,0.0220110118389129,0.9953538649653022,0.3376343550753344
test,cpgpt_large_locus,17,0.5,0.0013372171670198,0.0220044031739234,0.995354613143361,0.2521459127147555
test,cpgpt_large_locus,17,0.7,0.0012772993650287,0.0217516794800758,0.9955505436678128,0.2479696118827328
test,cpgpt_large_locus,17,0.9,0.0013123709941282,0.0220295824110507,0.9954463314552268,0.2273159677105716
test,cpgpt_large_locus,42,0.15,0.0012374318903312,0.0216266401112079,0.9956694975527176,0.2380384719681374
test,cpgpt_large_locus,42,0.3,0.0013343835016712,0.0220207050442695,0.9953503576990316,0.3245454548841696
test,cpgpt_large_locus,42,0.5,0.0013367159990593,0.021993700414896,0.9953539114656432,0.2567878755443753
test,cpgpt_large_locus,42,0.7,0.0012766832951456,0.0217548888176679,0.995551441788632,0.2412575053127991
test,cpgpt_large_locus,42,0.9,0.0013101510703563,0.0220141038298606,0.9954557182263352,0.2304041690155247
test,cpgpt_large_locus,97,0.15,0.0012406938476487,0.0216755997389554,0.9956591822083964,0.2335973086994114
test,cpgpt_large_locus,97,0.3,0.0013312411028891,0.0220222026109695,0.995359660065302,0.343151104843074
test,cpgpt_large_locus,97,0.5,0.0013385320780798,0.0220332480967044,0.995348059087496,0.2549435084621894
test,cpgpt_large_locus,97,0.7,0.0012773628113791,0.0217770561575889,0.9955477879714626,0.2502841566304055
test,cpgpt_large_locus,97,0.9,0.0013139802031219,0.0220624785870313,0.9954410696784384,0.2317304245489058
test,deepcpg_dna_locus,17,0.15,0.0012918886495754,0.0223112646490335,0.9955066379908808,0.1743637356335821
test,deepcpg_dna_locus,17,0.3,0.0013909135013818,0.0226493272930383,0.9951814655451792,0.287415520604912
test,deepcpg_dna_locus,17,0.5,0.0013926839455962,0.022677956148982,0.9951900680413608,0.2046145192443246
test,deepcpg_dna_locus,17,0.7,0.0013397877337411,0.0224446449428796,0.9953613465014208,0.1953672884590643
test,deepcpg_dna_locus,17,0.9,0.0013666921295225,0.0226610414683818,0.9952849016261364,0.1954540374798092
test,deepcpg_dna_locus,42,0.15,0.0012937551364302,0.022288916632533,0.9955195015756534,0.1917272932725784
test,deepcpg_dna_locus,42,0.3,0.0013939848868176,0.0226450525224208,0.995189259331414,0.2839058903155075
test,deepcpg_dna_locus,42,0.5,0.0013942997902631,0.0226454492658376,0.9951999161926242,0.2075798087033332
test,deepcpg_dna_locus,42,0.7,0.0013408523518592,0.0224028658121824,0.9953744658460536,0.1959287784119867
test,deepcpg_dna_locus,42,0.9,0.0013653689529746,0.0226025469601154,0.9953051836068068,0.1985871689908857
test,deepcpg_dna_locus,97,0.15,0.0012937946012243,0.0223024748265743,0.9955204955017368,0.1787878081042807
test,deepcpg_dna_locus,97,0.3,0.0013941458892077,0.0226569268852472,0.995189597403051,0.2768015361699739
test,deepcpg_dna_locus,97,0.5,0.0013951589353382,0.0226644445210695,0.9951984637221382,0.2056594259902652
test,deepcpg_dna_locus,97,0.7,0.0013417418813332,0.0224158782511949,0.9953721180286392,0.1960844417162577
test,deepcpg_dna_locus,97,0.9,0.0013667303137481,0.0226250030100345,0.9953029993209987,0.1952678329251831
test,functional_annotations_pca,17,0.15,0.0012075228150933,0.0213750936090946,0.9957760562512176,0.2033370977551597
test,functional_annotations_pca,17,0.3,0.001306677237153,0.0217379387468099,0.995448551965028,0.3150432957775826
test,functional_annotations_pca,17,0.5,0.0013110321015119,0.0217774454504251,0.9954483987618776,0.2775841853308805
test,functional_annotations_pca,17,0.7,0.0012535596033558,0.021505694836378,0.9956349714295658,0.2647537598456464
test,functional_annotations_pca,17,0.9,0.0012924870243296,0.0218136273324489,0.9955214666439406,0.2610144793503792
test,functional_annotations_pca,42,0.15,0.0012082866160199,0.0214571673423051,0.9957816466824072,0.1891913784818117
test,functional_annotations_pca,42,0.3,0.0013055570889264,0.0218056794255971,0.995455657389712,0.2910964777898406
test,functional_annotations_pca,42,0.5,0.0013131289742887,0.0218509323894977,0.9954444508352248,0.2564759211102432
test,functional_annotations_pca,42,0.7,0.001255874056369,0.021574979647994,0.9956311342631256,0.2378862521261401
test,functional_annotations_pca,42,0.9,0.0012929118238389,0.0218649394810199,0.9955235381010684,0.2373610266176546
test,functional_annotations_pca,97,0.15,0.001206801389344,0.0214144811034202,0.995782618687504,0.1943087439342272
test,functional_annotations_pca,97,0.3,0.0013090601423755,0.0217854902148246,0.9954417059633948,0.3135444203576156
test,functional_annotations_pca,97,0.5,0.001311762491241,0.0218041092157363,0.9954484199917122,0.2737098596417441
test,functional_annotations_pca,97,0.7,0.0012549139792099,0.0215418115258216,0.9956335142710904,0.2551004495270152
test,functional_annotations_pca,97,0.9,0.0012926517520099,0.0218507833778858,0.995526203813656,0.2570653292932655
