row,sample_name,subject_id,split,sex,age,age_tercile,stratum,site,plate
0,GSM989827,1001,train,F,67.0,1,F_T1,UCSD,1
1,GSM989828,1002,train,F,89.0,2,F_T2,UCSD,1
2,GSM989829,1003,train,F,66.0,1,F_T1,UCSD,1
3,GSM989830,1004,train,F,64.0,1,F_T1,UCSD,1
4,GSM989831,1005,train,F,62.0,1,F_T1,UCSD,1
5,GSM989832,1006,train,F,87.0,2,F_T2,UCSD,1
6,GSM989833,1007,train,M,73.0,2,M_T2,UCSD,1
7,GSM989834,1008,train,F,75.0,2,F_T2,UCSD,1
8,GSM989835,1009,train,F,73.0,2,F_T2,UCSD,1
9,GSM989836,1010,test,F,83.0,2,F_T2,UCSD,1
10,GSM989837,1011,test,M,82.0,2,M_T2,UCSD,1
11,GSM989838,1012,train,M,48.0,0,M_T0,UCSD,1
12,GSM989839,1013,train,F,77.0,2,F_T2,UCSD,1
13,GSM989840,1014,train,F,54.0,0,F_T0,UCSD,1
14,GSM989841,1015,train,F,63.0,1,F_T1,UCSD,1
15,GSM989842,1016,train,M,71.0,1,M_T1,UCSD,1
16,GSM989843,1017,validation,M,68.0,1,M_T1,UCSD,1
17,GSM989844,1018,validation,M,80.0,2,M_T2,UCSD,1
18,GSM989845,1019,train,F,92.0,2,F_T2,UCSD,1
19,GSM989846,1020,train,F,60.0,1,F_T1,UCSD,1
20,GSM989847,1021,test,F,79.0,2,F_T2,UCSD,1
21,GSM989848,1022,train,M,68.0,1,M_T1,UCSD,1
22,GSM989849,1023,train,M,93.0,2,M_T2,UCSD,1
23,GSM989850,1025,train,F,84.0,2,F_T2,UCSD,1
24,GSM989851,1026,validation,F,74.0,2,F_T2,UCSD,1
25,GSM989852,1027,train,F,74.0,2,F_T2,UCSD,1
26,GSM989853,1028,validation,M,76.0,2,M_T2,UCSD,1
27,GSM989854,1029,train,M,56.0,0,M_T0,UCSD,1
28,GSM989855,1030,train,M,72.0,2,M_T2,UCSD,1
29,GSM989856,1031,train,F,75.0,2,F_T2,UCSD,1
30,GSM989857,1032,train,F,79.0,2,F_T2,UCSD,1
31,GSM989858,1033,train,M,73.0,2,M_T2,UCSD,1
32,GSM989859,1034,validation,F,82.0,2,F_T2,UCSD,1
33,GSM989860,1035,test,M,74.0,2,M_T2,UCSD,1
34,GSM989861,1036,validation,F,79.0,2,F_T2,UCSD,1
35,GSM989862,1037,train,F,54.0,0,F_T0,UCSD,1
36,GSM989863,1039,test,F,101.0,2,F_T2,UCSD,1
37,GSM989864,1040,validation,F,79.0,2,F_T2,UCSD,1
38,GSM989865,1041,train,F,84.0,2,F_T2,UCSD,1
39,GSM989866,1042,train,F,85.0,2,F_T2,UCSD,1
40,GSM989867,1043,test,M,87.0,2,M_T2,UCSD,1
41,GSM989868,1044,validation,M,74.0,2,M_T2,UCSD,1
42,GSM989869,1045,train,F,77.0,2,F_T2,UCSD,1
43,GSM989870,1046,train,F,73.0,2,F_T2,UCSD,1
44,GSM989871,1047,train,M,87.0,2,M_T2,UCSD,1
45,GSM989872,1048,train,F,85.0,2,F_T2,UCSD,1
46,GSM989873,1049,test,M,88.0,2,M_T2,UCSD,1
47,GSM989874,1050,test,M,66.0,1,M_T1,UCSD,1
48,GSM989875,1051,train,F,78.0,2,F_T2,UCSD,1
49,GSM989876,1052,train,M,53.0,0,M_T0,UCSD,1
50,GSM989877,1053,train,F,76.0,2,F_T2,UCSD,1
51,GSM989878,1054,train,F,67.0,1,F_T1,UCSD,1
52,GSM989879,1055,train,F,73.0,2,F_T2,UCSD,1
53,GSM989880,1056,train,M,54.0,0,M_T0,UCSD,1
54,GSM989881,1057,train,F,73.0,2,F_T2,UCSD,1
55,GSM989882,1058,train,M,96.0,2,M_T2,UCSD,1
56,GSM989883,1059,test,F,57.0,0,F_T0,UCSD,1
57,GSM989884,1060,train,F,76.0,2,F_T2,UCSD,1
58,GSM989885,1061,train,F,47.0,0,F_T0,UCSD,1
59,GSM989886,1062,train,M,54.0,0,M_T0,UCSD,1
60,GSM989887,1063,train,F,73.0,2,F_T2,UCSD,1
61,GSM989888,1064,train,F,84.0,2,F_T2,UCSD,1
62,GSM989889,1065,test,M,62.0,1,M_T1,UCSD,1
63,GSM989890,1066,train,F,89.0,2,F_T2,UCSD,1
64,GSM989891,1067,validation,M,68.0,1,M_T1,UCSD,1
65,GSM989892,1068,train,F,62.0,1,F_T1,UCSD,1
66,GSM989893,1069,train,F,79.0,2,F_T2,UCSD,1
67,GSM989894,1070,validation,M,72.0,2,M_T2,UCSD,1
68,GSM989895,1071,train,F,69.0,1,F_T1,UCSD,1
69,GSM989896,1072,train,M,55.0,0,M_T0,UCSD,1
70,GSM989897,1074,train,F,73.0,2,F_T2,UCSD,1
71,GSM989898,1075,train,F,79.0,2,F_T2,UCSD,1
72,GSM989899,1076,train,M,72.0,2,M_T2,UCSD,1
73,GSM989900,1077,train,M,89.0,2,M_T2,UCSD,1
74,GSM989901,1078,train,M,79.0,2,M_T2,UCSD,1
75,GSM989902,1079,train,M,85.0,2,M_T2,UCSD,1
76,GSM989903,1080,train,F,68.0,1,F_T1,UCSD,1
77,GSM989904,1081,train,M,89.0,2,M_T2,UCSD,1
78,GSM989905,1082,train,F,73.0,2,F_T2,UCSD,1
79,GSM989906,1083,train,F,63.0,1,F_T1,UCSD,1
80,GSM989907,1085,test,F,78.0,2,F_T2,UCSD,1
81,GSM989908,1086,train,F,65.0,1,F_T1,UCSD,1
82,GSM989909,1087,train,F,65.0,1,F_T1,UCSD,1
83,GSM989910,1088,train,M,89.0,2,M_T2,UCSD,1
84,GSM989911,1090,validation,M,85.0,2,M_T2,UCSD,1
85,GSM989912,1091,train,M,66.0,1,M_T1,UCSD,1
86,GSM989913,1092,train,M,76.0,2,M_T2,UCSD,1
87,GSM989914,1093,train,M,74.0,2,M_T2,UCSD,1
88,GSM989915,1095,train,F,84.0,2,F_T2,UCSD,1
89,GSM989916,1096,validation,F,71.0,1,F_T1,UCSD,1
90,GSM989917,2001,train,F,49.0,0,F_T0,Utah,2
91,GSM989918,2002,train,M,69.0,1,M_T1,Utah,2
92,GSM989919,2003,train,M,63.0,1,M_T1,Utah,2
93,GSM989920,2005,train,M,66.0,1,M_T1,Utah,2
94,GSM989921,2006,train,M,85.0,2,M_T2,Utah,2
95,GSM989922,2007,train,M,76.0,2,M_T2,Utah,2
96,GSM989923,2008,train,M,84.0,2,M_T2,Utah,2
97,GSM989924,2009,train,M,59.0,1,M_T1,Utah,2
98,GSM989925,2010,train,F,70.0,1,F_T1,Utah,2
99,GSM989926,2011,validation,M,65.0,1,M_T1,Utah,2
100,GSM989927,2012,train,M,68.0,1,M_T1,Utah,2
101,GSM989928,2013,train,F,84.0,2,F_T2,Utah,2
102,GSM989929,2014,validation,M,75.0,2,M_T2,Utah,2
103,GSM989930,2017,train,M,51.0,0,M_T0,Utah,2
104,GSM989931,2018,train,F,63.0,1,F_T1,Utah,2
105,GSM989932,2019,train,F,69.0,1,F_T1,Utah,2
106,GSM989933,2020,test,F,78.0,2,F_T2,Utah,2
107,GSM989934,2021,test,M,78.0,2,M_T2,Utah,2
108,GSM989935,2022,train,F,52.0,0,F_T0,Utah,2
109,GSM989936,2023,train,M,49.0,0,M_T0,Utah,2
110,GSM989937,2024,train,F,53.0,0,F_T0,Utah,2
111,GSM989938,2025,train,F,59.0,1,F_T1,Utah,2
112,GSM989939,2026,train,M,62.0,1,M_T1,Utah,2
113,GSM989940,2027,validation,M,46.0,0,M_T0,Utah,2
114,GSM989941,2028,test,M,68.0,1,M_T1,Utah,2
115,GSM989942,2029,train,M,74.0,2,M_T2,Utah,2
116,GSM989943,2030,train,M,59.0,1,M_T1,Utah,2
117,GSM989944,2031,train,M,76.0,2,M_T2,Utah,2
118,GSM989945,2032,test,F,54.0,0,F_T0,Utah,2
119,GSM989946,2033,train,M,59.0,1,M_T1,Utah,2
120,GSM989947,2034,train,M,48.0,0,M_T0,Utah,2
121,GSM989948,2035,train,M,45.0,0,M_T0,Utah,2
122,GSM989949,2036,train,M,62.0,1,M_T1,Utah,2
123,GSM989950,2038,train,M,63.0,1,M_T1,Utah,2
124,GSM989951,2039,train,M,80.0,2,M_T2,Boston,2
125,GSM989952,2040,train,M,60.0,1,M_T1,Utah,2
126,GSM989953,2041,train,M,71.0,1,M_T1,Boston,2
127,GSM989954,2042,train,M,67.0,1,M_T1,Boston,2
128,GSM989955,2043,test,M,50.0,0,M_T0,Boston,2
129,GSM989956,2044,train,F,86.0,2,F_T2,Boston,2
130,GSM989957,2045,train,M,70.0,1,M_T1,Boston,2
131,GSM989958,2046,train,M,54.0,0,M_T0,Boston,2
132,GSM989959,2047,train,F,69.0,1,F_T1,Boston,2
133,GSM989960,2048,train,F,76.0,2,F_T2,Boston,2
134,GSM989961,2049,train,F,58.0,0,F_T0,Utah,2
135,GSM989962,2050,train,M,58.0,0,M_T0,Boston,2
136,GSM989963,2051,train,F,64.0,1,F_T1,Boston,2
137,GSM989964,2052,validation,M,73.0,2,M_T2,Boston,2
138,GSM989965,2053,test,M,49.0,0,M_T0,Boston,2
139,GSM989966,2054,test,M,56.0,0,M_T0,Boston,2
140,GSM989967,2055,train,M,75.0,2,M_T2,Boston,2
141,GSM989968,2056,train,M,48.0,0,M_T0,Boston,2
142,GSM989969,2058,train,M,81.0,2,M_T2,USC,2
143,GSM989970,2059,train,F,72.0,2,F_T2,Boston,2
144,GSM989971,2060,train,F,61.0,1,F_T1,Utah,2
145,GSM989972,2063,train,F,50.0,0,F_T0,Utah,2
146,GSM989973,2064,train,F,69.0,1,F_T1,Utah,2
147,GSM989974,2065,train,M,65.0,1,M_T1,Utah,2
148,GSM989975,2066,train,F,47.0,0,F_T0,Utah,2
149,GSM989976,2068,train,M,43.0,0,M_T0,Utah,2
150,GSM989977,2069,train,F,55.0,0,F_T0,Utah,2
151,GSM989978,2070,train,M,54.0,0,M_T0,Utah,2
152,GSM989979,2071,train,M,58.0,0,M_T0,Utah,2
153,GSM989980,2072,train,M,34.0,0,M_T0,Utah,2
154,GSM989981,2074,train,M,65.0,1,M_T1,Utah,2
155,GSM989982,2075,train,F,52.0,0,F_T0,Utah,2
156,GSM989983,2076,train,F,32.0,0,F_T0,Utah,2
157,GSM989984,2077,train,M,47.0,0,M_T0,Boston,2
158,GSM989985,2078,test,M,54.0,0,M_T0,Utah,2
159,GSM989986,2079,train,F,63.0,1,F_T1,Utah,2
160,GSM989987,2080,test,M,28.0,0,M_T0,Utah,2
161,GSM989988,2081,train,F,54.0,0,F_T0,Utah,2
162,GSM989989,2082,train,M,59.0,1,M_T1,Utah,2
163,GSM989990,2084,test,M,56.0,0,M_T0,Utah,2
164,GSM989991,2085,train,M,50.0,0,M_T0,Utah,2
165,GSM989992,2086,train,M,30.0,0,M_T0,Utah,2
166,GSM989993,2089,train,M,50.0,0,M_T0,Utah,2
167,GSM989994,2090,train,F,47.0,0,F_T0,Utah,2
168,GSM989995,2091,train,M,47.0,0,M_T0,Utah,2
169,GSM989996,2092,train,F,33.0,0,F_T0,Utah,2
170,GSM989997,2093,train,M,38.0,0,M_T0,Utah,2
171,GSM989998,2094,train,F,35.0,0,F_T0,Utah,2
172,GSM989999,2095,train,M,47.0,0,M_T0,Utah,2
173,GSM990000,2096,train,M,80.0,2,M_T2,Utah,2
174,GSM990001,3012,train,M,86.0,2,M_T2,Utah,3
175,GSM990002,3013,train,F,71.0,1,F_T1,Utah,3
176,GSM990003,3014,train,F,77.0,2,F_T2,Utah,3
177,GSM990004,3015,train,M,67.0,1,M_T1,Utah,3
178,GSM990005,3016,test,M,84.0,2,M_T2,Utah,3
179,GSM990006,3017,validation,F,80.0,2,F_T2,Utah,3
180,GSM990007,3021,train,F,70.0,1,F_T1,Utah,3
181,GSM990008,3022,train,M,67.0,1,M_T1,Utah,3
182,GSM990009,3023,train,F,63.0,1,F_T1,Utah,3
183,GSM990010,3024,train,M,70.0,1,M_T1,Utah,3
184,GSM990011,3025,validation,F,56.0,0,F_T0,Utah,3
185,GSM990012,3026,train,F,67.0,1,F_T1,Utah,3
186,GSM990013,3027,train,F,70.0,1,F_T1,Utah,3
187,GSM990014,3028,train,F,70.0,1,F_T1,Utah,3
188,GSM990015,3031,train,F,74.0,2,F_T2,Utah,3
189,GSM990016,3032,train,F,73.0,2,F_T2,Utah,3
190,GSM990017,3033,train,F,77.0,2,F_T2,Utah,3
191,GSM990018,3034,train,F,80.0,2,F_T2,Utah,3
192,GSM990019,3035,train,F,66.0,1,F_T1,Utah,3
193,GSM990020,3036,train,M,85.0,2,M_T2,Utah,3
194,GSM990021,3037,train,M,76.0,2,M_T2,Utah,3
195,GSM990022,3038,test,F,78.0,2,F_T2,Utah,3
196,GSM990023,3040,train,F,82.0,2,F_T2,Utah,3
197,GSM990024,3041,train,F,76.0,2,F_T2,Utah,3
198,GSM990025,3043,train,F,71.0,1,F_T1,Utah,3
199,GSM990026,3046,train,F,82.0,2,F_T2,Utah,3
200,GSM990027,3047,train,M,83.0,2,M_T2,Utah,3
201,GSM990028,3049,validation,F,79.0,2,F_T2,Utah,3
202,GSM990029,3050,train,F,75.0,2,F_T2,Utah,3
203,GSM990030,3051,train,M,68.0,1,M_T1,Utah,3
204,GSM990031,3052,train,M,64.0,1,M_T1,Utah,3
205,GSM990032,3053,train,M,70.0,1,M_T1,Utah,3
206,GSM990033,3056,validation,M,92.0,2,M_T2,Utah,3
207,GSM990034,3058,train,M,74.0,2,M_T2,Utah,3
208,GSM990035,3059,train,F,69.0,1,F_T1,Utah,3
209,GSM990036,3060,train,F,80.0,2,F_T2,Utah,3
210,GSM990037,3061,train,F,63.0,1,F_T1,Utah,3
211,GSM990038,3062,train,F,77.0,2,F_T2,Utah,3
212,GSM990039,3063,train,F,81.0,2,F_T2,Utah,3
213,GSM990040,3064,train,F,82.0,2,F_T2,Utah,3
214,GSM990041,3065,validation,M,69.0,1,M_T1,Utah,3
215,GSM990042,3066,test,F,73.0,2,F_T2,Utah,3
216,GSM990043,3067,train,M,66.0,1,M_T1,Utah,3
217,GSM990044,3068,test,F,87.0,2,F_T2,Utah,3
218,GSM990045,3069,test,F,68.0,1,F_T1,Utah,3
219,GSM990046,3070,test,F,69.0,1,F_T1,Utah,3
220,GSM990047,3071,train,M,76.0,2,M_T2,Utah,3
221,GSM990048,3072,test,F,69.0,1,F_T1,Utah,3
222,GSM990049,3073,train,M,81.0,2,M_T2,Utah,3
223,GSM990050,3074,train,F,71.0,1,F_T1,Utah,3
224,GSM990051,3075,train,F,71.0,1,F_T1,Utah,3
225,GSM990052,3077,train,F,75.0,2,F_T2,Utah,3
226,GSM990053,3078,train,F,60.0,1,F_T1,Utah,3
227,GSM990054,3079,train,F,77.0,2,F_T2,Utah,3
228,GSM990055,3080,train,M,85.0,2,M_T2,Utah,3
229,GSM990056,3082,validation,F,70.0,1,F_T1,Utah,3
230,GSM990057,3083,test,F,62.0,1,F_T1,Utah,3
231,GSM990058,3084,train,M,69.0,1,M_T1,Utah,3
232,GSM990059,3085,test,F,73.0,2,F_T2,Utah,3
233,GSM990060,3086,train,M,73.0,2,M_T2,Utah,3
234,GSM990061,3087,train,F,74.0,2,F_T2,Utah,3
235,GSM990062,3088,train,M,73.0,2,M_T2,Utah,3
236,GSM990063,3089,train,M,86.0,2,M_T2,Utah,3
237,GSM990064,3090,test,M,83.0,2,M_T2,Utah,3
238,GSM990065,3091,train,F,76.0,2,F_T2,Utah,3
239,GSM990066,3092,validation,M,75.0,2,M_T2,Utah,3
240,GSM990067,3093,train,F,64.0,1,F_T1,Utah,3
241,GSM990068,3094,train,F,67.0,1,F_T1,Utah,3
242,GSM990069,3096,train,F,88.0,2,F_T2,Utah,3
243,GSM990070,5001,test,F,48.0,0,F_T0,Utah,5
244,GSM990071,5002,validation,M,44.0,0,M_T0,Utah,5
245,GSM990072,5004,train,M,48.0,0,M_T0,Utah,5
246,GSM990073,5005,train,F,62.0,1,F_T1,Utah,5
247,GSM990074,5006,train,F,54.0,0,F_T0,Utah,5
248,GSM990075,5007,train,F,46.0,0,F_T0,Utah,5
249,GSM990076,5008,validation,F,60.0,1,F_T1,Utah,5
250,GSM990077,5009,train,M,40.0,0,M_T0,Utah,5
251,GSM990078,5010,train,M,43.0,0,M_T0,Utah,5
252,GSM990079,5011,train,M,41.0,0,M_T0,Utah,5
253,GSM990080,5012,train,M,53.0,0,M_T0,Utah,5
254,GSM990081,5013,train,M,48.0,0,M_T0,Utah,5
255,GSM990082,5014,train,F,71.0,1,F_T1,Utah,5
256,GSM990083,5015,test,M,52.0,0,M_T0,Utah,5
257,GSM990084,5016,train,M,64.0,1,M_T1,Utah,5
258,GSM990085,5017,train,M,48.0,0,M_T0,Utah,5
259,GSM990086,5018,train,F,55.0,0,F_T0,Utah,5
260,GSM990087,5019,train,M,68.0,1,M_T1,Utah,5
261,GSM990088,5020,train,M,46.0,0,M_T0,Utah,5
262,GSM990089,5021,train,M,64.0,1,M_T1,Utah,5
263,GSM990090,5022,train,F,57.0,0,F_T0,Utah,5
264,GSM990091,5023,train,M,45.0,0,M_T0,Utah,5
265,GSM990092,5024,train,M,51.0,0,M_T0,Utah,5
266,GSM990093,5025,train,M,53.0,0,M_T0,Utah,5
267,GSM990094,5026,validation,M,60.0,1,M_T1,Utah,5
268,GSM990095,5027,train,M,51.0,0,M_T0,Utah,5
269,GSM990096,5028,train,F,73.0,2,F_T2,Utah,5
270,GSM990097,5029,train,F,38.0,0,F_T0,Utah,5
271,GSM990098,5030,train,M,42.0,0,M_T0,Utah,5
272,GSM990099,5032,train,M,64.0,1,M_T1,Utah,5
273,GSM990100,5033,train,F,58.0,0,F_T0,Utah,5
274,GSM990101,5034,train,F,43.0,0,F_T0,Utah,5
275,GSM990102,5035,train,F,38.0,0,F_T0,Utah,5
276,GSM990103,5036,train,F,54.0,0,F_T0,Utah,5
277,GSM990104,5037,train,M,70.0,1,M_T1,Utah,5
278,GSM990105,5038,train,M,44.0,0,M_T0,Utah,5
279,GSM990106,5039,train,F,62.0,1,F_T1,Utah,5
280,GSM990107,5040,validation,M,51.0,0,M_T0,Utah,5
281,GSM990108,5041,validation,M,41.0,0,M_T0,Utah,5
282,GSM990109,5042,test,M,53.0,0,M_T0,Utah,5
283,GSM990110,5043,train,M,65.0,1,M_T1,Utah,5
284,GSM990111,5044,train,M,50.0,0,M_T0,Utah,5
285,GSM990112,5045,train,F,55.0,0,F_T0,Utah,5
286,GSM990113,5046,train,F,62.0,1,F_T1,Utah,5
287,GSM990114,5047,train,F,61.0,1,F_T1,USC,5
288,GSM990115,5048,train,M,38.0,0,M_T0,USC,5
289,GSM990116,5050,train,F,59.0,1,F_T1,USC,5
290,GSM990117,5051,train,F,64.0,1,F_T1,USC,5
291,GSM990118,5052,train,F,57.0,0,F_T0,USC,5
292,GSM990119,5053,train,F,57.0,0,F_T0,USC,5
293,GSM990120,5054,train,M,49.0,0,M_T0,USC,5
294,GSM990121,5055,train,F,64.0,1,F_T1,USC,5
295,GSM990122,5056,train,M,66.0,1,M_T1,USC,5
296,GSM990268,5057,train,M,52.0,0,M_T0,USC,5
297,GSM990269,5058,train,M,43.0,0,M_T0,USC,5
298,GSM990270,5059,train,F,49.0,0,F_T0,USC,5
299,GSM990271,5060,train,F,51.0,0,F_T0,USC,5
300,GSM990272,5061,train,M,58.0,0,M_T0,USC,5
301,GSM990273,5062,train,M,63.0,1,M_T1,USC,5
302,GSM990274,5063,train,M,55.0,0,M_T0,USC,5
303,GSM990275,5064,test,M,50.0,0,M_T0,USC,5
304,GSM990276,5065,train,M,57.0,0,M_T0,USC,5
305,GSM990277,5066,train,M,33.0,0,M_T0,USC,5
306,GSM990278,5067,train,M,46.0,0,M_T0,USC,5
307,GSM990279,5068,train,M,46.0,0,M_T0,USC,5
308,GSM990280,5069,train,M,66.0,1,M_T1,USC,5
309,GSM990281,5071,train,M,55.0,0,M_T0,USC,5
310,GSM990282,5072,train,F,64.0,1,F_T1,USC,5
311,GSM990283,5074,train,M,46.0,0,M_T0,USC,5
312,GSM990284,5075,train,M,66.0,1,M_T1,USC,5
313,GSM990285,5076,train,M,47.0,0,M_T0,USC,5
314,GSM990286,5077,validation,F,58.0,0,F_T0,USC,5
315,GSM990287,5078,train,M,61.0,1,M_T1,USC,5
316,GSM990288,5080,validation,F,48.0,0,F_T0,USC,5
317,GSM990289,5081,train,F,45.0,0,F_T0,USC,5
318,GSM990290,5082,train,F,62.0,1,F_T1,USC,5
319,GSM990291,5083,train,M,50.0,0,M_T0,USC,5
320,GSM990292,5084,train,F,34.0,0,F_T0,USC,5
321,GSM990293,5085,train,M,64.0,1,M_T1,USC,5
322,GSM990294,5086,train,M,55.0,0,M_T0,USC,5
323,GSM990295,5087,validation,M,48.0,0,M_T0,USC,5
324,GSM990296,5088,train,M,60.0,1,M_T1,USC,5
325,GSM990297,5089,train,M,64.0,1,M_T1,USC,5
326,GSM990298,5090,train,M,58.0,0,M_T0,USC,5
327,GSM990299,5091,train,M,37.0,0,M_T0,USC,5
328,GSM990300,5092,train,F,60.0,1,F_T1,USC,5
329,GSM990301,5093,train,M,63.0,1,M_T1,USC,5
330,GSM990302,5094,validation,F,59.0,1,F_T1,USC,5
331,GSM990303,5095,train,F,54.0,0,F_T0,USC,5
332,GSM990304,5096,train,M,60.0,1,M_T1,USC,5
333,GSM990305,6001,validation,F,51.0,0,F_T0,USC,6
334,GSM990306,6003,train,F,63.0,1,F_T1,USC,6
335,GSM990307,6004,test,F,64.0,1,F_T1,USC,6
336,GSM990308,6005,test,F,64.0,1,F_T1,USC,6
337,GSM990309,6006,train,F,44.0,0,F_T0,USC,6
338,GSM990310,6007,train,M,65.0,1,M_T1,USC,6
339,GSM990311,6008,train,M,66.0,1,M_T1,USC,6
340,GSM990312,6009,test,F,51.0,0,F_T0,USC,6
341,GSM990313,6011,train,F,61.0,1,F_T1,USC,6
342,GSM990314,6013,train,M,52.0,0,M_T0,USC,6
343,GSM990315,6014,train,M,61.0,1,M_T1,USC,6
344,GSM990316,6015,test,M,59.0,1,M_T1,USC,6
345,GSM990317,6016,train,M,57.0,0,M_T0,USC,6
346,GSM990318,6018,train,F,52.0,0,F_T0,USC,6
347,GSM990319,6019,train,F,55.0,0,F_T0,USC,6
348,GSM990320,6020,train,M,59.0,1,M_T1,USC,6
349,GSM990321,6021,train,F,59.0,1,F_T1,USC,6
350,GSM990322,6022,train,F,61.0,1,F_T1,USC,6
351,GSM990323,6023,train,F,46.0,0,F_T0,USC,6
352,GSM990324,6024,train,M,31.0,0,M_T0,USC,6
353,GSM990325,6025,train,F,55.0,0,F_T0,USC,6
354,GSM990326,6026,validation,F,53.0,0,F_T0,USC,6
355,GSM990327,6027,train,F,42.0,0,F_T0,USC,6
356,GSM990328,6028,test,F,59.0,1,F_T1,USC,6
357,GSM990329,6029,train,M,50.0,0,M_T0,USC,6
358,GSM990330,6030,train,F,52.0,0,F_T0,USC,6
359,GSM990331,6031,validation,M,45.0,0,M_T0,USC,6
360,GSM990332,6032,train,F,65.0,1,F_T1,USC,6
361,GSM990333,6033,train,F,59.0,1,F_T1,USC,6
362,GSM990334,6034,validation,F,58.0,0,F_T0,USC,6
363,GSM990335,6035,train,F,64.0,1,F_T1,USC,6
364,GSM990336,6036,train,F,61.0,1,F_T1,USC,6
365,GSM990337,6037,test,M,67.0,1,M_T1,USC,6
366,GSM990338,6038,train,F,59.0,1,F_T1,USC,6
367,GSM990339,6039,validation,F,58.0,0,F_T0,USC,6
368,GSM990340,6040,train,F,54.0,0,F_T0,USC,6
369,GSM990341,6041,train,F,57.0,0,F_T0,USC,6
370,GSM990342,6042,train,F,60.0,1,F_T1,USC,6
371,GSM990343,6043,train,F,50.0,0,F_T0,USC,6
372,GSM990344,6044,test,F,57.0,0,F_T0,USC,6
373,GSM990345,6045,train,F,66.0,1,F_T1,USC,6
374,GSM990346,6046,train,F,44.0,0,F_T0,USC,6
375,GSM990347,6047,train,F,62.0,1,F_T1,USC,6
376,GSM990348,6048,train,M,76.0,2,M_T2,USC,6
377,GSM990349,6049,validation,F,48.0,0,F_T0,USC,6
378,GSM990350,6050,train,F,46.0,0,F_T0,USC,6
379,GSM990351,6051,train,F,41.0,0,F_T0,USC,6
380,GSM990352,6052,train,F,59.0,1,F_T1,USC,6
381,GSM990353,6053,train,F,52.0,0,F_T0,USC,6
382,GSM990354,6054,train,F,50.0,0,F_T0,USC,6
383,GSM990355,6055,validation,M,45.0,0,M_T0,USC,6
384,GSM990356,6056,train,M,52.0,0,M_T0,USC,6
385,GSM990357,6057,train,F,54.0,0,F_T0,USC,6
386,GSM990358,6058,train,F,62.0,1,F_T1,USC,6
387,GSM990359,6059,train,F,62.0,1,F_T1,USC,6
388,GSM990360,6060,train,M,63.0,1,M_T1,USC,6
389,GSM990361,6061,train,F,55.0,0,F_T0,USC,6
390,GSM990362,6062,validation,F,60.0,1,F_T1,USC,6
391,GSM990363,6063,train,M,65.0,1,M_T1,USC,6
392,GSM990364,6064,train,F,64.0,1,F_T1,USC,6
393,GSM990365,6065,train,F,57.0,0,F_T0,USC,6
394,GSM990366,6066,train,F,63.0,1,F_T1,USC,6
395,GSM990367,6067,test,F,40.0,0,F_T0,USC,6
396,GSM990368,6068,train,F,57.0,0,F_T0,USC,6
397,GSM990369,6069,train,M,38.0,0,M_T0,USC,6
398,GSM990370,6070,test,M,64.0,1,M_T1,USC,6
399,GSM990371,6071,train,F,59.0,1,F_T1,USC,6
400,GSM990372,6072,train,F,58.0,0,F_T0,USC,6
401,GSM990373,6073,train,F,41.0,0,F_T0,USC,6
402,GSM990374,6074,validation,M,58.0,0,M_T0,USC,6
403,GSM990375,6075,train,M,26.0,0,M_T0,USC,6
404,GSM990376,6076,test,M,61.0,1,M_T1,USC,6
405,GSM990377,6077,train,F,56.0,0,F_T0,USC,6
406,GSM990378,6078,test,F,66.0,1,F_T1,USC,6
407,GSM990379,6079,train,F,62.0,1,F_T1,USC,6
408,GSM990380,6080,train,M,56.0,0,M_T0,USC,6
409,GSM990381,6081,validation,F,55.0,0,F_T0,USC,6
410,GSM990382,6082,train,F,61.0,1,F_T1,USC,6
411,GSM990383,6083,test,F,58.0,0,F_T0,USC,6
412,GSM990384,6084,train,M,53.0,0,M_T0,USC,6
413,GSM990385,6085,validation,F,63.0,1,F_T1,USC,6
414,GSM990386,6086,train,M,59.0,1,M_T1,USC,6
415,GSM990387,6087,validation,F,61.0,1,F_T1,USC,6
416,GSM990388,6088,train,F,66.0,1,F_T1,USC,6
417,GSM990389,6089,train,F,65.0,1,F_T1,USC,6
418,GSM990390,6090,validation,F,58.0,0,F_T0,USC,6
419,GSM990391,6091,train,F,43.0,0,F_T0,USC,6
420,GSM990392,6092,train,F,55.0,0,F_T0,USC,6
421,GSM990393,6093,validation,M,47.0,0,M_T0,USC,6
422,GSM990394,6094,train,F,50.0,0,F_T0,USC,6
423,GSM990395,6095,test,F,46.0,0,F_T0,USC,6
424,GSM990396,6096,train,F,54.0,0,F_T0,USC,6
425,GSM990397,8001,train,F,80.0,2,F_T2,UCSD,8
426,GSM990398,8002,validation,F,83.0,2,F_T2,UCSD,8
427,GSM990399,8003,validation,M,77.0,2,M_T2,UCSD,8
428,GSM990400,8004,test,F,76.0,2,F_T2,UCSD,8
429,GSM990401,8007,train,F,64.0,1,F_T1,UCSD,8
430,GSM990402,8008,train,M,70.0,1,M_T1,UCSD,8
431,GSM990403,8009,train,F,82.0,2,F_T2,UCSD,8
432,GSM990404,8010,train,F,58.0,0,F_T0,UCSD,8
433,GSM990405,8012,validation,F,66.0,1,F_T1,UCSD,8
434,GSM990406,8013,train,F,85.0,2,F_T2,UCSD,8
435,GSM990407,8014,train,M,66.0,1,M_T1,UCSD,8
436,GSM990408,8015,train,M,69.0,1,M_T1,UCSD,8
437,GSM990409,8016,train,F,84.0,2,F_T2,UCSD,8
438,GSM990410,8017,train,M,79.0,2,M_T2,UCSD,8
439,GSM990411,8018,train,M,64.0,1,M_T1,UCSD,8
440,GSM990412,8019,train,M,78.0,2,M_T2,UCSD,8
441,GSM990413,8020,train,M,53.0,0,M_T0,UCSD,8
442,GSM990414,8021,validation,F,59.0,1,F_T1,UCSD,8
443,GSM990415,8022,train,M,65.0,1,M_T1,UCSD,8
444,GSM990416,8023,train,F,61.0,1,F_T1,UCSD,8
445,GSM990417,8024,test,M,58.0,0,M_T0,UCSD,8
446,GSM990418,8025,train,F,69.0,1,F_T1,UCSD,8
447,GSM990419,8026,train,F,60.0,1,F_T1,UCSD,8
448,GSM990420,8027,train,F,65.0,1,F_T1,UCSD,8
449,GSM990421,8028,train,F,89.0,2,F_T2,UCSD,8
450,GSM990422,8029,train,F,74.0,2,F_T2,UCSD,8
451,GSM990423,8031,train,M,81.0,2,M_T2,UCSD,8
452,GSM990424,8032,test,F,68.0,1,F_T1,UCSD,8
453,GSM990425,8033,train,F,68.0,1,F_T1,UCSD,8
454,GSM990426,8034,test,F,65.0,1,F_T1,UCSD,8
455,GSM990427,8035,train,M,90.0,2,M_T2,UCSD,8
456,GSM990428,8036,train,M,66.0,1,M_T1,UCSD,8
457,GSM990429,8037,train,M,79.0,2,M_T2,UCSD,8
458,GSM990430,8038,train,M,57.0,0,M_T0,UCSD,8
459,GSM990431,8039,train,M,76.0,2,M_T2,UCSD,8
460,GSM990432,8040,train,F,79.0,2,F_T2,UCSD,8
461,GSM990433,8041,train,F,49.0,0,F_T0,UCSD,8
462,GSM990434,8043,train,M,92.0,2,M_T2,UCSD,8
463,GSM990435,8044,train,M,66.0,1,M_T1,UCSD,8
464,GSM990436,8045,train,F,59.0,1,F_T1,UCSD,8
465,GSM990437,8046,train,F,76.0,2,F_T2,UCSD,8
466,GSM990438,8047,train,F,56.0,0,F_T0,UCSD,8
467,GSM990439,8049,train,M,52.0,0,M_T0,UCSD,8
468,GSM990440,8050,train,F,65.0,1,F_T1,UCSD,8
469,GSM990441,8051,train,F,73.0,2,F_T2,UCSD,8
470,GSM990442,8053,train,M,65.0,1,M_T1,UCSD,8
471,GSM990443,8054,train,F,84.0,2,F_T2,UCSD,8
472,GSM990444,8055,validation,M,51.0,0,M_T0,UCSD,8
473,GSM990445,8056,train,F,78.0,2,F_T2,UCSD,8
474,GSM990446,8057,train,M,53.0,0,M_T0,UCSD,8
475,GSM990447,8059,train,M,68.0,1,M_T1,UCSD,8
476,GSM990448,8060,train,M,52.0,0,M_T0,UCSD,8
477,GSM990449,8061,train,F,72.0,2,F_T2,UCSD,8
478,GSM990450,8062,train,M,48.0,0,M_T0,UCSD,8
479,GSM990451,8063,test,F,60.0,1,F_T1,UCSD,8
480,GSM990452,8064,train,M,61.0,1,M_T1,UCSD,8
481,GSM990453,8065,train,F,69.0,1,F_T1,UCSD,8
482,GSM990454,8066,train,F,81.0,2,F_T2,UCSD,8
483,GSM990455,8067,test,F,56.0,0,F_T0,UCSD,8
484,GSM990456,8068,train,F,79.0,2,F_T2,UCSD,8
485,GSM990457,8069,train,M,82.0,2,M_T2,UCSD,8
486,GSM990458,8070,train,M,58.0,0,M_T0,UCSD,8
487,GSM990459,8071,train,F,75.0,2,F_T2,UCSD,8
488,GSM990460,8072,train,M,78.0,2,M_T2,UCSD,8
489,GSM990461,8076,train,F,57.0,0,F_T0,UCSD,8
490,GSM990462,8077,validation,F,70.0,1,F_T1,UCSD,8
491,GSM990463,8078,train,M,77.0,2,M_T2,UCSD,8
492,GSM990464,8080,validation,F,56.0,0,F_T0,UCSD,8
493,GSM990465,8081,train,F,67.0,1,F_T1,UCSD,8
494,GSM990466,8082,train,M,76.0,2,M_T2,UCSD,8
495,GSM990467,8083,train,M,89.0,2,M_T2,UCSD,8
496,GSM990468,8084,train,M,69.0,1,M_T1,UCSD,8
497,GSM990469,8085,train,M,79.0,2,M_T2,UCSD,8
498,GSM990470,8086,train,M,80.0,2,M_T2,UCSD,8
499,GSM990471,8087,test,M,76.0,2,M_T2,UCSD,8
500,GSM990472,8088,train,F,48.0,0,F_T0,UCSD,8
501,GSM990473,8089,validation,M,61.0,1,M_T1,UCSD,8
502,GSM990474,8090,train,M,52.0,0,M_T0,UCSD,8
503,GSM990475,8092,train,M,69.0,1,M_T1,UCSD,8
504,GSM990476,8093,train,F,41.0,0,F_T0,UCSD,8
505,GSM990477,8094,train,M,69.0,1,M_T1,UCSD,8
506,GSM990478,9001,train,M,65.0,1,M_T1,UCSD,9
507,GSM990479,9002,validation,M,45.0,0,M_T0,UCSD,9
508,GSM990480,9003,train,M,66.0,1,M_T1,UCSD,9
509,GSM990481,9004,train,M,76.0,2,M_T2,UCSD,9
510,GSM990482,9005,train,M,76.0,2,M_T2,UCSD,9
511,GSM990483,9006,train,F,45.0,0,F_T0,UCSD,9
512,GSM990484,9007,train,M,71.0,1,M_T1,UCSD,9
513,GSM990485,9009,train,F,52.0,0,F_T0,UCSD,9
514,GSM990486,9011,train,M,84.0,2,M_T2,UCSD,9
515,GSM990487,9012,train,M,57.0,0,M_T0,UCSD,9
516,GSM990488,9013,train,M,68.0,1,M_T1,UCSD,9
517,GSM990489,9014,test,M,74.0,2,M_T2,UCSD,9
518,GSM990490,9015,validation,M,33.0,0,M_T0,UCSD,9
519,GSM990491,9018,train,M,68.0,1,M_T1,UCSD,9
520,GSM990492,9019,train,M,73.0,2,M_T2,UCSD,9
521,GSM990493,9020,train,M,79.0,2,M_T2,UCSD,9
522,GSM990494,9021,train,M,72.0,2,M_T2,UCSD,9
523,GSM990495,9022,train,M,78.0,2,M_T2,UCSD,9
524,GSM990496,9023,train,F,68.0,1,F_T1,UCSD,9
525,GSM990497,9024,train,M,52.0,0,M_T0,UCSD,9
526,GSM990498,9025,test,M,64.0,1,M_T1,UCSD,9
527,GSM990499,9026,train,M,27.0,0,M_T0,UCSD,9
528,GSM990500,9027,train,M,29.0,0,M_T0,UCSD,9
529,GSM990501,9028,train,M,44.0,0,M_T0,UCSD,9
530,GSM990502,9030,train,F,41.0,0,F_T0,UCSD,9
531,GSM990503,9031,test,M,45.0,0,M_T0,UCSD,9
532,GSM990504,9032,train,F,27.0,0,F_T0,UCSD,9
533,GSM990505,9033,train,F,48.0,0,F_T0,UCSD,9
534,GSM990506,9034,train,F,56.0,0,F_T0,UCSD,9
535,GSM990507,9035,train,M,34.0,0,M_T0,UCSD,9
536,GSM990508,9036,validation,M,69.0,1,M_T1,UCSD,9
537,GSM990509,9037,train,M,56.0,0,M_T0,UCSD,9
538,GSM990510,9039,test,M,47.0,0,M_T0,UCSD,9
539,GSM990511,9040,train,F,56.0,0,F_T0,UCSD,9
540,GSM990512,9041,train,M,60.0,1,M_T1,UCSD,9
541,GSM990513,9042,train,F,75.0,2,F_T2,UCSD,9
542,GSM990514,9043,train,M,60.0,1,M_T1,UCSD,9
543,GSM990515,9044,train,M,47.0,0,M_T0,UCSD,9
544,GSM990516,9045,train,M,55.0,0,M_T0,UCSD,9
545,GSM990517,9048,train,M,32.0,0,M_T0,UCSD,9
546,GSM990518,9058,train,M,23.0,0,M_T0,UCSD,9
547,GSM990519,9084,train,F,43.0,0,F_T0,UCSD,9
548,GSM990520,9085,train,F,47.0,0,F_T0,UCSD,9
549,GSM990521,9086,train,F,44.0,0,F_T0,UCSD,9
550,GSM990522,9087,train,F,37.0,0,F_T0,UCSD,9
551,GSM990523,9089,train,M,27.0,0,M_T0,UCSD,9
552,GSM990524,9090,train,F,69.0,1,F_T1,UCSD,9
553,GSM990525,9091,train,F,28.0,0,F_T0,UCSD,9
554,GSM990526,10001,train,F,51.0,0,F_T0,Boston,10
555,GSM990527,10004,train,F,57.0,0,F_T0,Boston,10
556,GSM990528,10008,train,M,19.0,0,M_T0,Boston,10
557,GSM990529,10011,train,F,44.0,0,F_T0,Boston,10
558,GSM990530,10017,train,M,49.0,0,M_T0,Boston,10
559,GSM990531,10019,train,M,34.0,0,M_T0,Boston,10
560,GSM990532,10020,test,F,44.0,0,F_T0,Boston,10
561,GSM990533,10021,train,F,62.0,1,F_T1,Boston,10
562,GSM990534,10033,train,M,30.0,0,M_T0,Boston,10
563,GSM990535,10034,train,M,49.0,0,M_T0,Boston,10
564,GSM990536,10036,train,M,36.0,0,M_T0,Boston,10
565,GSM990537,10038,train,F,25.0,0,F_T0,Boston,10
566,GSM990538,10040,train,F,36.0,0,F_T0,Boston,10
567,GSM990539,10041,train,F,21.0,0,F_T0,Boston,10
568,GSM990540,10044,train,F,40.0,0,F_T0,Boston,10
569,GSM990541,10046,train,F,22.0,0,F_T0,Boston,10
570,GSM990542,10047,test,F,36.0,0,F_T0,Boston,10
571,GSM990543,11002,train,M,58.0,0,M_T0,UCSD,11
572,GSM990544,11005,train,F,83.0,2,F_T2,UCSD,11
573,GSM990545,11006,train,F,69.0,1,F_T1,UCSD,11
574,GSM990546,11007,train,M,89.0,2,M_T2,UCSD,11
575,GSM990547,11008,train,F,89.0,2,F_T2,UCSD,11
576,GSM990548,11009,validation,M,66.0,1,M_T1,UCSD,11
577,GSM990549,11010,train,F,55.0,0,F_T0,UCSD,11
578,GSM990550,11011,validation,F,82.0,2,F_T2,UCSD,11
579,GSM990551,11012,train,M,73.0,2,M_T2,UCSD,11
580,GSM990552,11013,validation,F,77.0,2,F_T2,UCSD,11
581,GSM990553,11014,train,M,80.0,2,M_T2,UCSD,11
582,GSM990554,11015,train,M,79.0,2,M_T2,UCSD,11
583,GSM990555,11016,train,F,73.0,2,F_T2,UCSD,11
584,GSM990556,11017,train,F,82.0,2,F_T2,UCSD,11
585,GSM990557,11018,train,M,85.0,2,M_T2,UCSD,11
586,GSM990558,11019,validation,F,91.0,2,F_T2,UCSD,11
587,GSM990559,11020,train,M,85.0,2,M_T2,UCSD,11
588,GSM990560,11021,train,M,86.0,2,M_T2,UCSD,11
589,GSM990561,11022,train,M,74.0,2,M_T2,UCSD,11
590,GSM990562,11024,train,M,90.0,2,M_T2,UCSD,11
591,GSM990563,11025,test,M,87.0,2,M_T2,UCSD,11
592,GSM990564,11026,train,M,76.0,2,M_T2,UCSD,11
593,GSM990565,11027,train,F,81.0,2,F_T2,UCSD,11
594,GSM990566,11028,train,M,59.0,1,M_T1,UCSD,11
595,GSM990567,11029,train,F,73.0,2,F_T2,UCSD,11
596,GSM990568,11030,train,M,76.0,2,M_T2,UCSD,11
597,GSM990569,11031,train,M,85.0,2,M_T2,UCSD,11
598,GSM990570,11032,train,F,69.0,1,F_T1,UCSD,11
599,GSM990571,11033,train,F,85.0,2,F_T2,UCSD,11
600,GSM990572,11034,train,F,85.0,2,F_T2,UCSD,11
601,GSM990573,11035,train,F,84.0,2,F_T2,UCSD,11
602,GSM990574,11036,train,F,83.0,2,F_T2,UCSD,11
603,GSM990575,11037,train,F,67.0,1,F_T1,UCSD,11
604,GSM990576,11038,train,M,85.0,2,M_T2,UCSD,11
605,GSM990577,11039,validation,M,76.0,2,M_T2,UCSD,11
606,GSM990578,11040,train,M,87.0,2,M_T2,UCSD,11
607,GSM990579,11042,test,M,84.0,2,M_T2,UCSD,11
608,GSM990580,11043,train,M,82.0,2,M_T2,UCSD,11
609,GSM990581,11044,train,F,93.0,2,F_T2,UCSD,11
610,GSM990582,11045,train,M,71.0,1,M_T1,UCSD,11
611,GSM990583,11046,train,F,80.0,2,F_T2,UCSD,11
612,GSM990584,11047,train,F,88.0,2,F_T2,UCSD,11
613,GSM990585,11048,train,M,72.0,2,M_T2,UCSD,11
614,GSM990586,11049,train,M,77.0,2,M_T2,UCSD,11
615,GSM990587,11050,train,M,56.0,0,M_T0,UCSD,11
616,GSM990588,11051,train,M,92.0,2,M_T2,UCSD,11
617,GSM990589,11052,train,M,78.0,2,M_T2,UCSD,11
618,GSM990590,11053,train,F,71.0,1,F_T1,UCSD,11
619,GSM990591,11054,train,F,89.0,2,F_T2,UCSD,11
620,GSM990592,11055,train,F,54.0,0,F_T0,UCSD,11
621,GSM990593,11056,validation,F,66.0,1,F_T1,UCSD,11
622,GSM990594,11057,train,M,75.0,2,M_T2,UCSD,11
623,GSM990595,11058,train,M,90.0,2,M_T2,UCSD,11
624,GSM990596,11061,train,F,66.0,1,F_T1,UCSD,11
625,GSM990597,11062,train,F,77.0,2,F_T2,UCSD,11
626,GSM990598,11063,train,M,82.0,2,M_T2,UCSD,11
627,GSM990599,11064,train,F,65.0,1,F_T1,UCSD,11
628,GSM990600,11065,train,M,58.0,0,M_T0,UCSD,11
629,GSM990601,11066,train,M,75.0,2,M_T2,UCSD,11
630,GSM990602,11067,train,F,88.0,2,F_T2,UCSD,11
631,GSM990603,11068,test,F,74.0,2,F_T2,UCSD,11
632,GSM990604,11069,test,M,69.0,1,M_T1,UCSD,11
633,GSM990605,11070,train,F,83.0,2,F_T2,UCSD,11
634,GSM990606,11071,train,F,83.0,2,F_T2,UCSD,11
635,GSM990607,11073,train,F,70.0,1,F_T1,UCSD,11
636,GSM990608,11075,train,M,64.0,1,M_T1,UCSD,11
637,GSM990609,11076,train,M,50.0,0,M_T0,UCSD,11
638,GSM990610,11077,train,M,74.0,2,M_T2,UCSD,11
639,GSM990611,11078,train,F,69.0,1,F_T1,UCSD,11
640,GSM990612,11079,train,M,86.0,2,M_T2,UCSD,11
641,GSM990613,11080,train,F,66.0,1,F_T1,UCSD,11
642,GSM990614,11081,train,F,70.0,1,F_T1,UCSD,11
643,GSM990615,11082,train,M,89.0,2,M_T2,UCSD,11
644,GSM990616,11083,train,M,78.0,2,M_T2,UCSD,11
645,GSM990617,11084,train,F,69.0,1,F_T1,UCSD,11
646,GSM990618,11085,train,F,64.0,1,F_T1,UCSD,11
647,GSM990619,11086,train,F,79.0,2,F_T2,UCSD,11
648,GSM990620,11087,train,F,92.0,2,F_T2,UCSD,11
649,GSM990621,11089,validation,F,70.0,1,F_T1,UCSD,11
650,GSM990622,11090,validation,F,77.0,2,F_T2,UCSD,11
651,GSM990623,11092,train,F,78.0,2,F_T2,UCSD,11
652,GSM990624,11093,validation,M,71.0,1,M_T1,UCSD,11
653,GSM990625,11094,train,M,68.0,1,M_T1,UCSD,11
654,GSM990626,11095,test,F,61.0,1,F_T1,UCSD,11
655,GSM990627,11096,train,M,73.0,2,M_T2,UCSD,11
