experiment_id,name,family,target_source,representations_tested,metrics,status,in_registry,files,sha256,notes
v2_frozen,bioval-v2 frozen endpoints (11 endpoint types x 4 arms),"multiple (methylation program, 3D genome, regulatory activity, replication timing)",Loyfer WGBS; 4DN Micro-C/Hi-C; FANTOM5; UW Repli-seq; Decato PMD,regulatory_histone_dnase_v1; cpgpt_large_locus (512D); deepcpg_dna_locus (128D); functional_annotations_pca (legacy),Spearman; AUROC; R2; enrichment; delta-cosine,frozen,yes,outputs/biological_validation_v2/bioval-v2-protocol-freeze-v1/report/summary_primary.csv;outputs/biological_validation_v2/bioval-v2-protocol-freeze-v1/report/summary_contrasts.csv;outputs/biological_validation_v2/bioval-v2-protocol-freeze-v1/regulatory_histone_dnase_v1/results.csv;outputs/biological_validation_v2/bioval-v2-protocol-freeze-v1/cpgpt_large_locus/results.csv;outputs/biological_validation_v2/bioval-v2-protocol-freeze-v1/deepcpg_dna_locus/results.csv;outputs/biological_validation_v2/bioval-v2-protocol-freeze-v1/functional_annotations_pca/results.csv,02be8b1985ede684c73e6c0bb1867bc06d7fbd33e58ceb34fc483b2813930f99;1ce7b551f36ab4f4ddc88b73f59bf56f1c61a9e8a9c429b1d91d9d355b3f88b3;f327e9a8a2c6c0ddd9f1c1f54eaf768177f153d77ab969d9e8059e4ac7ccc32b;6cfb689b28f00328f151bae6c86d0882ac352ea531ec1cbffae7f3372ecbf5cd;957aa64134630b1f33d5fd1103feebbb036ff533f4587e0aed2a5b744b619020;2134ad7c525bfc5cf39ca44aa568841d02cd9022f02b5223edc34e5e918dae1f,Registry rows read the per-endpoint JSONs (hashed per row) because they carry n_pos/n_neg; CSV summaries listed here for cross-check.
v2_sensitivity,bioval-v2 registered sensitivities (12 endpoint files x 4 arms),same axes,same targets,same 4 arms,Spearman; AUROC; R2,preregistered,yes,outputs/biological_validation_v2/bioval-v2-protocol-freeze-v1/sensitivity/SUMMARY.csv,dfb93ea6979823b3ac8da04d29768f4c1cdfb5eff3ccee170634fcb6ae0406da,Sensitivity run at repo head 7d2153cf (primary at f0b00ac3).
v2_exploratory_posthoc,"bioval-v2 EXPLORATORY POST-HOC Loyfer (B3 ridge, similarity ranking, geometry)",methylation program,Loyfer WGBS,same 4 arms,R2; Pearson; Spearman,exploratory,yes,outputs/biological_validation_v2/bioval-v2-protocol-freeze-v1/exploratory_posthoc_loyfer/ridge_summary_by_arm.csv;outputs/biological_validation_v2/bioval-v2-protocol-freeze-v1/exploratory_posthoc_loyfer/interpretation_ABC.json;outputs/biological_validation_v2/bioval-v2-protocol-freeze-v1/exploratory_posthoc_loyfer/geometry_within_arm_deltas.csv,8ea1e1958524a730ea8b0ee2a651bb16978716f7a3106900c19615b6ab9fc26c;6ac9ea22a41e616f7fecc8067beba29e935e1e62ac752c8fbc943725dd17ac21;94bdc0253527b1db8d6a3f7588397aea4a4b9bf6a453450184428b26517fff18,geometry_within_arm_deltas.csv (within-arm geometry deltas) not row-ised: not an across-representation task result. loyfer_failure_audit is EXCLUDED and was not read.
legacy_bio_validation,legacy bio_validation probes (8 arms),genomic locus identity; disease/pathology; aging; environmental exposure,UCSC cpgIslandExt; EWAS Catalog/Atlas; Horvath/Hannum/PhenoAge; phastCons; genomic proximity,cpgpt_locus; cpgpt_locus_large (512D); deepcpg_dna_locus (128D); deepcpg_dna_locus_hepg2; functional_annotations_pca (older PCA store); methylgpt_locus; methylgpt_locus_medium; ntv3_pre (all errored),AUROC (mean of folds); accuracy/F1/precision/recall; R2/Pearson/MAE; locality enrichment,legacy-unregistered,yes,outputs/bio_validation/cpgpt_locus/native_frozen/seed_17/summary.json;outputs/bio_validation/cpgpt_locus_large/native_frozen/seed_17/summary.json;outputs/bio_validation/deepcpg_dna_locus/native_frozen/seed_17/summary.json;outputs/bio_validation/deepcpg_dna_locus_hepg2/native_frozen/seed_17/summary.json;outputs/bio_validation/functional_annotations_pca/native_frozen/seed_17/summary.json;outputs/bio_validation/methylgpt_locus/native_frozen/seed_17/summary.json;outputs/bio_validation/methylgpt_locus_medium/native_frozen/seed_17/summary.json;outputs/bio_validation/ntv3_pre/native_frozen/seed_17/summary.json,8430701e9454120e9c214f6667c9f48ac304d3ea120415f406ef3410fce46d9c;1f2c804c9eb2512fd85893f182b8cf7a1d54c394239e6c876d16d65ea4aeacc8;f3c078f83282084a98fed6b26ac38ecd10e6544f52d0ea46ee17a3487566c288;c294eed1c2fc139059d1614d6184e658a28a1a63afec7780e6701c211f1dabe1;0446fdb81abf01a3cae7c2df1842a7b18b7d6836af0200e150c1302ea30d4c6b;8cb2b793946b7871fcc106dd1c0c9d658e399876f4d2bcb69a1b882a9d4f61b0;5bdb2d9b42cfdf1f934ca724a5e6c2d121bee3dda670cd2c4c03c9e895152ccc;ff799a01f52ac411bb0577afc2ea33641f372a0a31b735b00fc60c426596cf3f,"Random-fold probes, no CI; regulatory_histone_dnase_v1 never evaluated here."
umap_neighborhood,UMAP biology neighbourhood metrics,genomic locus identity; disease/pathology,island/shore/shelf/open sea; colorectal + prostate EWAS Atlas,functional_annotations_pca; deepcpg_dna_locus; cpgpt_locus_large,neighbour-fraction enrichment,legacy-unregistered,yes,outputs/figures/umap_biology/neighborhood_metrics.csv;outputs/figures/umap_biology/manifest.json,7e0857e7072d4b1598cd903f1d23c92bbe19d2be2d223d3ec80555d7f9894716;4a7e389ec335347b17be82e43bba647f36e09ab9c76e4e21032a082fb83985cc,Side output of plot_umap_biology.py (figure folder); no CI.
encode_ewas_matched_single_draw,ENCODE campaign matched EWAS/clock membership (single draw),disease/pathology; aging; environmental exposure,EWAS Catalog/Atlas + clocks,campaign arms: full; context_only; add/assay/Histone ChIP-seq; fm/cpgpt_locus_large,AUROC; AUPRC (matched sample),discovery-campaign,yes,outputs/encode_atlas_v1/ewas_matched_membership.csv;outputs/encode_atlas_v1/ewas_protocol.json,f3fe53640cf6dcda16c443d23299544bd2903fe003ebdf66fad268c670b02bcd;f70b7853ac3cab84a43de7bdff64d3c71f31c1700aa687407951a921ca3fe8d1,3 sets lack matched support. No CI.
encode_exp5,Follow-up exp5: repeated matched EWAS / clock probes (20 draws; base + probe-type variants),disease/pathology; aging; environmental exposure,EWAS Catalog/Atlas + clocks,functional_256 (campaign full); cpgpt_large_native512; deepcpg_hcc_native128; cpgpt_large_svd256; deepcpg_hcc_pad256; context_only_256,AUROC (+ paired delta vs functional_256),discovery-campaign,yes,outputs/encode_atlas_v1/followup/exp5/summary_auc_delta.csv;outputs/encode_atlas_v1/followup/exp5/protocol.json;outputs/encode_atlas_v1/followup/exp5/evaluable_sets.csv;outputs/encode_atlas_v1/followup/exp5/matching_summary_per_seed.csv;outputs/encode_atlas_v1/followup/exp5/probe_type_balance.csv,ec213c25e26888c93578976f219428e27e14e75c2ab0e7c1ed00bfbee23e5662;201e01c3b94e40ff65f2da8966493c5a61e0c9be0fa0abd4c989d4f7dab9aae1;7c2504ba104cdb1a085ca38978b2085f85b4a58a367c3382ea946cd7decc5350;a64c5b3bb54bf880b59c5bd20d02805527732b6504f4faf3d457f34fb7ccb33b;d4484a0f69b902f9055e1f6229dbb5dab4f7ed4eeb87234dcaf0020fba68ef8b,oof_predictions.parquet (47 MB) NOT read (AUPRC could be recomputed from it; not done). regulatory_histone_dnase_v1 absent.
encode_exp2,Follow-up exp2: decodability of training-patient mean beta,methylation program,"mean beta over TCGA discovery patients (11,929 loci)",Functional-256/128; CpGPT-large native-512/compact-256; DeepCpG native-128/pad-256; context-only; raw feature-family subsets,R2; Pearson; Spearman; MSE,discovery-campaign,yes,outputs/encode_atlas_v1/followup/exp2/summary.csv;outputs/encode_atlas_v1/followup/exp2/paired_vs_functional256.csv,179897d74b3013861dd78ece9b04ebaa17480b8faf7804f9a35f348639ae276b;f08a08e686cf1fbda5b51ebb66a7d1fac74d5547716bd91e262c3f096e5adcc5,Label derived from benchmark training patients.
encode_co_methylation,Co-methylation far-neighbour test (confirmation stage),methylation program,held-out patient beta correlations,campaign arms: full; context_only; add/assay/Histone; fm/cpgpt_locus_large,mean neighbour vs matched correlation,discovery-campaign,yes,outputs/encode_atlas_v1/co_methylation/confirm/full_a18b869b.csv;outputs/encode_atlas_v1/co_methylation/confirm/context_only_2805a394.csv;outputs/encode_atlas_v1/co_methylation/confirm/add_assay_histone_chip_seq_2d418bee.csv;outputs/encode_atlas_v1/co_methylation/confirm/fm_cpgpt_locus_large_d3474a48.csv,fe462a7613827e0431852484bc99099a303f3bcad600643baf29d85be2772ed8;0d46433a760a9f882846b1d0ee3b711aad26b2263c4db692e8741643d9e91e84;6f92ed3523586dc332c53b40ceb2ef1ef91edc47898490c3e55d74c2b4856a67;b9cfefb87c26a26e14ea87205c205be67c2932c981584a6cd0f738758c8022fd,Means derived by registry script from per-pair CSVs; no CI in source.
encode_biological_probes,"ENCODE campaign feature-group probes of mean/variance beta (3,988 rows)",methylation program,mean/variance beta over discovery patients,"feature groups (target/*, assay/*, dense/*), not embeddings",MSE; R2; Pearson,discovery-campaign,no,outputs/encode_atlas_v1/biological_probes.csv,f6a41c6f18cf3bd5c76921581455893c51dba83d5cb1aff2b8b4b488bf9d49a0,"Feature-attribution table; arms are raw feature subsets, not panel representations. Inventory only."
encode_tissue,ENCODE campaign per-cancer tissue-association probes (TCGA projects),disease/pathology,TCGA per-cancer mean beta minus global mean (discovery),"feature groups (organ-matched vs prevalence-matched), not embeddings",MSE; R2; Pearson,discovery-campaign,no,,,60 files under outputs/encode_atlas_v1/tissue (TCGA label from training patients); directory digest (json+csv) = cc2af367122b971f647ad42c880472a9fcde33a6b27989fd9564e7cae5daae1f. Inventory only.
encode_exp3,Follow-up exp3: ridge / 'proxy null' for feature subsets,methylation program,mean/variance beta,feature subsets (real vs blind-matched),relative MSE delta %,discovery-campaign,no,outputs/encode_atlas_v1/followup/exp3/tables/proxy_null_summary.csv;outputs/encode_atlas_v1/followup/exp3/tables/proxy_ridge_null.csv,3bf75aa5e79c347af18ab1268d2a46c177f47d5e1cdbffa7650f80d60603c1df;f19896d8c7727992e1162cc3e79306e52ad9297e474582f5edc60904ee6fc3c9,Tests whether histone-vs-non-histone proxy gains exceed random feature subsets; not a representation panel comparison. Inventory only.
encode_exp4,Follow-up exp4: chromosome-transfer (OOD) reconstruction,other,patient reconstruction on chr20-22,campaign arms,MSE / skill,discovery-campaign,no,outputs/encode_atlas_v1/followup/exp4/unseen_absolute_recomputed.csv;outputs/encode_atlas_v1/followup/exp4/unseen_paired_recomputed.csv,cee337ede8e801ab0842dfacb2db0c7caa5e876be701198c5779d82d4aa09b5c;a39a28b8b97b44f863a32830510e2a52e6cd4941e496d571a9037bc48d078ee3,"Reconstruction of patient methylation, not a locus-property task. Excluded."
excluded_patient_level,Patient-level downstream disease/age tasks (GSE42861/GSE147221/GSE40279; sparse_reconstruction; external_reconstruction_v1),other,patient labels,panel arms via reconstruction,patient-level metrics,n/a,no,,,Not locus-level (patient information is in labels by design). Excluded by scope.
excluded_reconstruction,Masking benchmark / regulatory family screen / confirmation / selection / upscaling,other,methylation reconstruction,all arms,MSE,n/a,no,,,"Reconstruction benchmark, not locus biology; grep of outputs found no AUROC/AUPRC columns outside v2 and ewas_matched_membership.csv."
excluded_loyfer_failure_audit,"Loyfer primary failure audit (exploratory, in progress)",methylation program,Loyfer,4 arms,n/a,exploratory,no,,,"EXCLUDED ENTIRELY by instruction: directory not read, not hashed, not in registry."
